A Thousand Horses;Smoke;0.788;gDWepmUXk3w
A Thousand Horses;Livin' My Best Life;0.948;ZAGk7kYp7k4
A Thousand Horses;(This Ain’t No) Drunk Dial;0.894;dCN4QH2peJQ
A Thousand Horses;Blaze of Somethin';0.825;a6wyFpE_UcY
A Thousand Horses;Preachin' to the Choir;0.825;HDTIeigXD9I
A Thousand Horses;Bridges;0.722;wDEWWiGK03E
A Thousand Horses;Trailer Trashed;0.944;vHxSUj4xdvw
A Thousand Horses;My Time's Comin';0.835;VIq0TRkKJf4
A Thousand Horses;Southernality;0.885;T0smnZmfhtw
A Thousand Horses;Tennessee Whiskey;0.751;VmuKKXpjem8
ABBA;Dancing Queen;0.884;xFrGuyw1V8s
ABBA;Gimme! Gimme! Gimme! (A Man After Midnight);0.492;XEjLoHdbVeE
ABBA;The Winner Takes It All;0.785;iyIOl-s7JTU
ABBA;Mamma Mia;0.754;unfzfe8f9NI
ABBA;Super Trouper;0.626;BshxCIjNEjY
ABBA;Take A Chance On Me;0.685;-crgQGdpZR0
ABBA;Waterloo;0.926;Sj_9CiNkkn4
ABBA;Chiquitita;0.555;p4QqMKe3rwY
ABBA;Fernando;0.526;dQsjAbZDx-4
ABBA;Lay All Your Love On Me;0.722;2seCB54Bv-c
Alan Jackson;Chattahoochee;0.706;JW5UEW2kYvc
Alan Jackson;It's Five O'Clock Somewhere;0.772;BPCjC543llU
Alan Jackson;Remember When;0.314;TTA2buWlNyM
Alan Jackson;I Don't Need Your Rockin' Chair - Version w/special guests;0.602;nElFaq5pYcY
Alan Jackson;Country Boy;0.684;JnX2BoZE9w4
Alan Jackson;Don't Rock the Jukebox;0.637;RMDq-MnpbTo
Alan Jackson;Gone Country;0.679;si-ja75bFvI
Alan Jackson;Drive (For Daddy Gene);0.579;dQe3DKDQRRs
Alan Jackson;Good Time;0.767;PSROm-vgVRk
Alan Jackson;Livin' On Love;0.55;DDXLmYyFu4I
Albert King;Born Under A Bad Sign - Mono Mix;0.483;qyqXDM3mFhM
Albert King;The Sky Is Crying;0.469;l-Ix0kP7954
Albert King;Crosscut Saw - Mono Mix;0.412;943N-m-f1_k
Albert King;I Wanna Get Funky;0.445;Jhx5Jg27txo
Albert King;Call It Stormy Monday;0.612;KphVMfNO18M
Albert King;The Hunter;0.417;i2_qXrLH34k
Albert King;I'll Play The Blues For You - Pt. 1;0.543;6SP5JHLqXM8
Albert King;I'll Play The Blues For You - Edit;0.317;6SP5JHLqXM8
Albert King;Travelin' Man;0.618;MhSp06x1o3c
Albert King;Oh, Pretty Woman - Mono Mix;0.388;ZEL0LmUr1r8
Alice Cooper;Poison;0.908;Qq4j1LtCdww
Alice Cooper;School's Out;0.745;2Oo8QzDHimQ
Alice Cooper;No More Mr. Nice Guy;0.515;KN6ngThqMEs
Alice Cooper;Feed My Frankenstein;0.917;NO2cHJmDkBg
Alice Cooper;I'm Eighteen;0.413;jXZcJojTucg
Alice Cooper;Welcome to My Nightmare;0.717;aOeP4p1fjMs
Alice Cooper;Under My Wheels;0.798;GsBrCX5Y5GA
Alice Cooper;He's Back (The Man Behind The Mask);0.522;xz-y3SJyEVA
Alice Cooper;Only Women Bleed;0.476;dTx6S4kXbXc
Alice Cooper;I Never Cry;0.284;v7B37FoYTME
Alison Krauss;Whiskey Lullaby;0.333;IZbN_nmxAGk
Alison Krauss;Down To The River To Pray - From “O Brother, Where Art Thou” Soundtrack;0.207;zSif77IVQdY
Alison Krauss;Same Old Train;0.601;X5NkHH_1krM
Alison Krauss;Didn't Leave Nobody But The Baby;0.105;p2weIVqWXOw
Alison Krauss;I'll Fly Away;0.26;1BPoMIQHwpo
Alison Krauss;Baby Mine;0.218;kCjhm-qLERQ
Alison Krauss;You Will Be My Ain True Love;0.215;Qu4oNU3rtac
Alison Krauss;Baby, Now That I've Found You;0.239;ddLFk_TKPRs
Alison Krauss;Killing the Blues;0.438;gwg2sdRdahM
Alison Krauss;Gone Gone Gone (Done Moved On);0.66;3DT7pzJPybM
The All-American Rejects;Gives You Hell;0.725;uxUATkpMQ8A
The All-American Rejects;Dirty Little Secret;0.942;gPDcwjJ8pLg
The All-American Rejects;Swing, Swing;0.717;KtypSRcwIhA
The All-American Rejects;Move Along;0.922;XleOkGsYgO8
The All-American Rejects;It Ends Tonight;0.676;yfdAGkjHGac
The All-American Rejects;Send Her To Heaven;0.809;ZtAdgP7KpE0
The All-American Rejects;Sweat;0.504;2BsRrpW2vDc
The All-American Rejects;Jack's Lament;0.363;JlI1gvyO1iI
The All-American Rejects;My Paper Heart;0.849;voPz7hygOhk
The All-American Rejects;I Wanna;0.893;Qwm7crkV124
The Allman Brothers Band;Ramblin' Man;0.692;7KeoYzHPKF0
The Allman Brothers Band;Midnight Rider;0.532;TCRS4DRmf_w
The Allman Brothers Band;Jessica;0.745;yRDivUb5EeA
The Allman Brothers Band;Blue Sky;0.47;wwyXQn9g40I
The Allman Brothers Band;Melissa;0.362;Pwbowi-8Yoo
The Allman Brothers Band;Soulshine;0.503;pDIQ7Otf1mw
The Allman Brothers Band;Ain't Wastin' Time No More;0.607;h2Ro7LLEaQQ
The Allman Brothers Band;Whipping Post;0.64;FUvxRjYqjEQ
The Allman Brothers Band;Will The Circle Be Unbroken - Live;0.745;hT-0vKWsOQU
The Allman Brothers Band;One Way Out - Live At The Final Fillmore East Concert, 1971;0.733;UCt-9JFHL7U
Amy Winehouse;Back To Black;0.725;TJAfLE39ZZ8
Amy Winehouse;Rehab;0.872;KUmZp8pR1uc
Amy Winehouse;You Know I'm No Good;0.806;b-I2s5zRbHg
Amy Winehouse;Valerie - Live At BBC Radio 1 Live Lounge, London / 2007;0.365;Xv7vQPuH_nE
Amy Winehouse;Tears Dry On Their Own;0.871;ojdbDYahiCQ
Amy Winehouse;Love Is A Losing Game;0.561;nMO5Ko_77Hk
Amy Winehouse;Stronger Than Me;0.522;7CYE0DYIbaw
Amy Winehouse;Our Day Will Come;0.634;CxYRbzGi8Rg
Amy Winehouse;Me & Mr Jones;0.803;PLuf3VsrO4g
Amy Winehouse;Will You Still Love Me Tomorrow? - 2011;0.624;VJeK7bHmDcg
Andre Rieu;Love Theme (from "Romeo and Juliet");0.224;TEVGLXVhhns
Andre Rieu;Can't Help Falling In Love;0.251;YuH_90giGTQ
Andre Rieu;Only Love;0.267;4z6qVPLctIE
Andre Rieu;Cavalleria Rusticana: Intermezzo Sinfonico;0.329;k1IDfrdM1E0
Andre Rieu;The Lonely Shepherd;0.287;orL-w2QBiN8
Andre Rieu;Ballade pour Adeline;0.392;qMuKw1NYpjs
Andre Rieu;And The Waltz Goes On;0.359;1LGVGekPSzo
Andre Rieu;The Second Waltz, Op. 99a;0.233;vauo4o-ExoY
Andre Rieu;Time To Say Goodbye;0.321;DVbOxh7tQCc
Andre Rieu;Sleepy Shores;0.258;Ow8ECgOEFxs
Andrea Bocelli;Perfect Symphony (Ed Sheeran & Andrea Bocelli);0.417;eiDiKwbGfIY
Andrea Bocelli;Con Te Partirò;0.367;TdWEhMOrRpQ
Andrea Bocelli;Vivo per lei;0.456;ciawICBvQoE
Andrea Bocelli;The Prayer;0.321;qt_OkgSOrkU
Andrea Bocelli;Return To Love - Radio Version;0.574;tLCdOc3IzCY
Andrea Bocelli;Bésame Mucho;0.505;fTxcrjBGves
Andrea Bocelli;Fall On Me;0.149;ChcR2gKt5WM
Andrea Bocelli;Time To Say Goodbye (Con Te Partirò);0.435;g3ENX3aHlqU
Andrea Bocelli;Return To Love;0.434;tLCdOc3IzCY
Andrea Bocelli;Cuando Me Enamoro;0.619;NfU99xfo8MY
Andrew W.K.;Party Hard;0.992;WccfbPQNMbg
Andrew W.K.;Ready To Die;0.864;Tlu1ZfYr6vA
Andrew W.K.;She Is Beautiful;0.955;0ZyhB1-Yb4U
Andrew W.K.;We Want Fun;0.92;LofXZ0j3XtI
Andrew W.K.;It's Time To Party;0.984;_US9odwPBhk
Andrew W.K.;I Get Wet;0.995;nBPCaArtW0k
Andrew W.K.;Music Is Worth Living For;0.994;-CBTyi-ovO8
Andrew W.K.;Ever Again;0.861;U_EupMUsb50
Andrew W.K.;Girls Own Love;0.958;ri7fU5xhgFk
Andrew W.K.;Party Til You Puke;0.995;8q1F2l0CcMw
Anthrax;Madhouse;0.885;uGHsxMqpL0c
Anthrax;Caught In A Mosh;0.991;zlLn0UicWrM
Anthrax;Indians;0.941;RzpRU347BDU
Anthrax;Got The Time;0.908;be7iNHw8QoQ
Anthrax;Bring The Noise;0.827;kl1hgXfX5-U
Anthrax;Antisocial;0.823;Hx_m7Y9nGtU
Anthrax;I Am The Law;0.987;p3ta5ahB-6w
Anthrax;Bring Tha Noize;0.78;kl1hgXfX5-U
Anthrax;Keep It In The Family;0.723;G_7WHwB71IU
Anthrax;Among The Living;0.987;qZ0-Yj52ErQ
Antonio Carlos Jobim;Águas De Março;0.393;E1tOV7y94DY
Antonio Carlos Jobim;The Girl From Ipanema;0.323;aFlEOn20UiA
Antonio Carlos Jobim;Só Tinha De Ser Com Você;0.372;GrqUU5AE7Nk
Antonio Carlos Jobim;Garota De Ipanema;0.609;aFlEOn20UiA
Antonio Carlos Jobim;Para Machuchar Meu Coracao;0.156;L9ocIa2W19Y
Antonio Carlos Jobim;Corcovado;0.187;6_F7MX1hGtU
Antonio Carlos Jobim;Triste;0.322;rC4kDdC70AM
Antonio Carlos Jobim;O Morro Nao Tem Vez;0.233;WZdXkViIkVg
Antonio Carlos Jobim;Pela Luz dos Olhos Teus - Bonus Track;0.263;bmzqgVhAYAg
Apache Indian;Boom Shack-A-Lak - Edit;0.585;kZzBd41NuZw
Apache Indian;Boom Shack-A-Lak;0.701;kZzBd41NuZw
Apache Indian;Om Namah Shivaya;0.559;eXpHDkdahqE
Apache Indian;Boom Shack-A-Lak (2016 Redux);0.778;u0cI_rgH72o
Apache Indian;Run Run;0.829;i6IeBIc3rVw
Apache Indian;Raggamuffin Girl;0.965;N0B636EIlyE
Apache Indian;Chok There;0.819;_esuL26ZB5I
Apache Indian;A Star Lovin;0.663;DY-hUCvcv7k
Apache Indian;No Problem - Love Birds / Soundtrack Version;0.655;8uOIbkKoVYg
Apache Indian;Arranged Marriage;0.831;8W2m7BpIofM
Arcade Fire;The Suburbs;0.682;5Euj9f3gdyM
Arcade Fire;Wake Up;0.8;9zdNdjF-htY
Arcade Fire;Everything Now;0.865;zC30BYR3CUk
Arcade Fire;Rebellion (Lies);0.933;8vN2vqaEBhM
Arcade Fire;My Body Is a Cage;0.502;Pyp34v6Lmcc
Arcade Fire;Ready to Start;0.932;9oI27uSzxNQ
Arcade Fire;Put Your Money on Me;0.768;dHC6I7v-1Pc
Arcade Fire;Sprawl II (Mountains Beyond Mountains);0.81;NuSbELCNloc
Arcade Fire;Creature Comfort;0.949;xzwicesJQ7E
Arcade Fire;Neighborhood #1 (Tunnels);0.738;VU_2R1rjbD8
Ariana Grande;Don’t Call Me Angel (Charlie’s Angels) (with Miley Cyrus & Lana Del Rey);0.721;leopt__ATR0
Ariana Grande;boyfriend (with Social House);0.795;9SRxBTtspYM
Ariana Grande;7 rings;0.317;QYh6mYIJG2Y
Ariana Grande;thank u, next;0.653;gl1aHhXnN1k
Ariana Grande;break up with your girlfriend, i'm bored;0.554;LH4Y1ZUUx2g
Ariana Grande;no tears left to cry;0.713;ffxKSjUwKdU
Ariana Grande;Good As Hell (feat. Ariana Grande) - Remix;0.892;tf6iaFf6mbA
Ariana Grande;God is a woman;0.658;kHLHSlExFis
Ariana Grande;One Last Time;0.593;Wg92RrNhB8s
Ariana Grande;Side To Side;0.736;SXiSVQZLje8
Arrested Development;People Everyday;0.508;a_4Y7Cei_bw
Arrested Development;Mr. Wendal;0.37;wyDjRd0Tjss
Arrested Development;Tennessee;0.661;6VCdJyOAQYM
Arrested Development;Africa's Inside Me;0.635;yeIkGeCd6-g
Arrested Development;Pride;0.301;IYiT92kODVA
Arrested Development;Honeymoon Day;0.678;c3lvfFUUgcY
Arrested Development;Mama's Always On Stage;0.788;a8BB3wEutdg
Arrested Development;Give A Man A Fish;0.704;o68RjNum89c
Arrested Development;Since The Last Time;0.669;Ikb-dGMGgDM
Ashley Campbell;The Little Things You Do Together;0.221;ShMGCt5uyG4
Ashley Campbell;Side by Side by Side;0.293;UAn3ZjpoHws
Ashley Campbell;Poor Baby;0.0541;Fo8oJfmR9FI
Astrud Gilberto;Agua De Beber;0.319;O0gzsR-40Bw
Astrud Gilberto;Quiet Nights Of Quiet Stars (Corcovado);0.103;W-YnyZG8fNU
Astrud Gilberto;Fly Me To The Moon;0.306;DudoQ_yx0yo
Astrud Gilberto;Moonlight In Vermont;0.319;HuCySPXQiY8
Astrud Gilberto;Summer Samba (So Nice);0.461;0hB5F972QUk
Astrud Gilberto;Berimbau;0.459;4uuSaOZg8hI
Astrud Gilberto;Solo el Fin (For All We Know) (with Stanley Turrentine);0.0659;YRxF9Lx9w_Q
Astrud Gilberto;Only Trust Your Heart;0.33;XqWjOKLwC1o
Astrud Gilberto;A Garota de Ipanema;0.392;c5QfXjsoNe4
Astrud Gilberto;The Shadow Of Your Smile;0.359;VAx0n_1RK2k
Aswad;Don't Turn Around;0.822;sI1UxHxP29I
Aswad;Shine;0.871;IIw3BtSPHtI
Aswad;Dub Fire;0.324;6GWw0hwjLxM
Aswad;I A Rebel Soul;0.305;HiOkpwCqNWM
Aswad;Back To Africa;0.159;x5ReWC2T7xE
Aswad;Roots Rocking;0.408;ybOCj2El0cA
Aswad;On And On;0.721;yxV2jhMfTeA
Aswad;Need Your Love - BBC Session Session Date: 1984 Programme Number: 99YJ7015;0.785;0x0r6mWNGI4
Aswad;Give A Little Love;0.757;g_WINUbpjmM
Atlanta Rhythm Section;So Into You;0.412;QyIZ3pYKOQM
Atlanta Rhythm Section;Spooky;0.657;cMAo0m4E4Lc
Atlanta Rhythm Section;Homesick;0.698;wawp5NNKOi0
Atlanta Rhythm Section;Outlaw Music;0.34;LP1UrNjMy6Y
Atlanta Rhythm Section;Champagne Jam;0.593;2ZmH22JADJs
Atlanta Rhythm Section;Imaginary Lover;0.367;fCPnwSFN0ZM
Atlanta Rhythm Section;Going to Shangri-La;0.485;3l1RircBYjM
Atlanta Rhythm Section;Georgia Rhythm;0.483;pKCjEUbf6O0
Atlanta Rhythm Section;Alien;0.477;uHvTXJzNpTk
Atlanta Rhythm Section;Imaginary Lover - Rerecorded;0.476;H1x-EJNnKQA
Audioslave;Like a Stone;0.568;7QU1nvuxaMA
Audioslave;Show Me How to Live;0.854;vVXIK1xCRpY
Audioslave;Be Yourself;0.845;WC5FdFlUcl0
Audioslave;Cochise;0.873;KDMvN45sjo4
Audioslave;I Am the Highway;0.662;hWlkmkZW2hk
Audioslave;Doesn't Remind Me;0.779;lBFdX37Qpnk
Audioslave;Gasoline;0.716;62_0ZHhOo58
Audioslave;Shadow on the Sun;0.658;dfF4t9-wpCM
Audioslave;What You Are;0.687;Pz-TZPzA0mc
Audioslave;Sound Of A Gun;0.867;_pzKB-STq5k
B.B. King;The Thrill Is Gone;0.46;4fk2prKnYnI
B.B. King;Riding with the King;0.796;sJK78Y3zoQk
B.B. King;We Are The World - Live;0.714;EwEYTrlVbPk
B.B. King;Ten Long Years;0.551;oFDraWR1Imc
B.B. King;Hummingbird;0.593;fERk1AVu2CM
B.B. King;When My Heart Beats Like a Hammer;0.543;OcwBQUcjJfQ
B.B. King;When Love Comes To Town;0.665;r3wgoaONzwo
B.B. King;Key to the Highway;0.538;wNId8clBdbI
B.B. King;Three O'Clock Blues;0.568;KEfzmf8CiAs
Badfinger;Baby Blue - Remastered 2010;0.877;33oAuvbRg-c
Badfinger;No Matter What - Remastered 2010;0.743;ffzfa_PYUmY
Badfinger;Dear Angie - Remastered 2010;0.417;CegmRpTCyok
Badfinger;Day After Day - Remastered 2010;0.687;yOsnns22KdE
Badfinger;Come And Get It - Remastered 2010;0.629;QD-07UD0W-Y
Badfinger;Without You - Remastered 2010;0.339;RUjIuKYZylg
Badfinger;Believe Me - Remastered 2010;0.406;58Djn2u3dq4
Badfinger;Crimson Ship - Remastered 2010;0.588;UvrCkr-Qnak
Badfinger;I'd Die Babe - Remastered 2010;0.669;UuE8jXCmoX4
Badfinger;Fisherman - Remastered 2010;0.281;NOlCrFQchJY
The Band;La Muñeca Vestido de Azul;0.297;_BcyNGuqr6c
The Band;La Pobre Viejecita;0.53;QLRTvZOd9vA
The Band;Cutufato y Su Gato;0.521;BS7X5BB6zHo
The Band;La Vaca Lola;0.52;z3Ff7ABA_5Y
The Band;Sol Solecito;0.614;xbnYmgsTFio
The Band;Las Calaveras Salen de Su Tumba;0.803;3BeTsrYAuqk
The Band;Pin Pon;0.338;TdabLfd8hi4
The Band;Los Pollitos Dicen;0.211;iG9hUKTz8E0
The Band;El Barquito Chiquitico;0.628;cpefXJXrH3s
The Band;Pinocho;0.515;Vo-H3VoxnDM
Barclay James Harvest;Life Is for Living;0.639;xSQZMn3kL58
Barclay James Harvest;Mocking Bird;0.335;iGvyG3SOMQg
Barclay James Harvest;Galadriel;0.151;H2AWFbMiRTQ
Barclay James Harvest;Waiting On the Borderline;0.453;W6OGo4IgpAI
Barclay James Harvest;She Said;0.579;wP_FsvLQ4R4
Barclay James Harvest;How Do You Feel Now?;0.259;gLZS8SrA3t0
Barclay James Harvest;Echoes and Shadows;0.411;7fvM5eHJEx4
Barclay James Harvest;Early Morning - A-Side Single 1968;0.434;6Px_oDm-4yw
Barclay James Harvest;Mother Dear;0.252;E4tskHmLmS4
Barclay James Harvest;Medicine Man;0.344;37FjvvwS47k
Barry White;You're The First, The Last, My Everything;0.571;tB54XUhA9_w
Barry White;Can't Get Enough Of Your Love, Babe;0.659;x0I6mhZ5wMw
Barry White;Just The Way You Are;0.327;XF8ZRjfGACA
Barry White;Let The Music Play;0.813;V3eOuK_-c34
Barry White;Never, Never Gonna Give Ya Up - Long Version;0.798;eLdSYF0WxyE
Barry White;I'm Gonna Love You Just A Little More Baby;0.486;x6AL1XnHJZs
Barry White;You See The Trouble With Me;0.583;sDgbBjeMy90
Barry White;What Am I Gonna Do With You;0.869;UMQ2Im2BoiM
The Beach Boys;Wouldn't It Be Nice - Stereo Mix;0.629;6Vv_dkDwZeQ
The Beach Boys;Surfin' U.S.A. - Remastered;0.854;H0bhSGfKTs4
The Beach Boys;Good Vibrations - Remastered;0.473;gO071XuztZA
The Beach Boys;God Only Knows - Remastered;0.487;CWPo5SC3zik
The Beach Boys;Kokomo;0.637;fJWmbLS2_ec
The Beach Boys;I Get Around (Mono);0.625;RZRme62DaXE
The Beach Boys;Don't Worry Baby - Remastered 2001;0.464;EYHBsWeobjA
The Beach Boys;Sloop John B - Remastered;0.745;MWJXTdCVsKI
The Beach Boys;California Girls - Remix/Remastered;0.62;cdNRiZ0kwR8
The Beach Boys;Barbara Ann;0.669;vPRonG87eKw
Beastie Boys;Sabotage;0.938;z5rRZdiu1UE
Beastie Boys;Intergalactic - Remastered;0.864;NAK66ZNR8s8
Beastie Boys;Fight For Your Right;0.72;eBShN8qT4lk
Beastie Boys;No Sleep Till Brooklyn;0.415;07Y0cy-nvAg
Beastie Boys;Brass Monkey;0.415;s0dxhSPoBjY
Beastie Boys;Paul Revere;0.352;wqipMcwJeQI
Beastie Boys;Girls;0.723;GoFB2R_AUwM
Beastie Boys;So What'Cha Want - 1999 - Remaster;0.978;_24wbiA5eD8
Beastie Boys;Sure Shot;0.799;JhqyZeUlE8U
Beastie Boys;Ch-Check It Out;0.899;6iuGp9gUeNk
The Beatles;Here Comes The Sun - Remastered 2009;0.54;U_O1QKQCsGs
The Beatles;Let It Be - Remastered 2009;0.403;QDYfEBY9NM4
The Beatles;Come Together - Remastered 2009;0.376;45cYwDMibGo
The Beatles;Yesterday - Remastered 2009;0.179;NrgmdOz227I
The Beatles;Hey Jude - Remastered 2015;0.607;kl2pFgEywng
The Beatles;I Want To Hold Your Hand - Remastered 2015;0.715;v1HDt1tknTc
The Beatles;Twist And Shout - Remastered 2009;0.849;2RicaUqd9Hg
The Beatles;Blackbird - Remastered 2009;0.127;Man4Xw8Xypo
The Beatles;In My Life - Remastered 2009;0.435;YBcdt6DsLQA
The Beatles;Help! - Remastered 2009;0.725;MKUex3fci5c
Beck;Loser;0.627;YgSPaXgAdzE
Beck;Uneventful Days;0.602;6AF_CJhpTzQ
Beck;Night Running;0.946;fBc08yzdB4c
Beck;Up All Night;0.908;Tj08Ni3tklw
Beck;Dreams;0.938;oTM3YPTYNo0
Beck;Saw Lightning;0.911;NXrlWw3yhW4
Beck;Debra;0.605;qL_9zWmDcjs
Beck;E-Pro - CapeLion V2 Remix;0.865;X-Y2BL_g3lY
Beck;Wow;0.643;pyCkhPTU13w
Beck;Colors;0.871;WRCA_Fo0rWA
Bee Gees;Stayin' Alive - From "Saturday Night Fever" Soundtrack;0.826;Fa9n7GirhsI
Bee Gees;How Deep Is Your Love;0.357;XpqqjU7u5Yc
Bee Gees;Night Fever - From "Saturday Night Fever" Soundtrack;0.795;op5FxEs1aR0
Bee Gees;More Than A Woman - From "Saturday Night Fever" Soundtrack;0.683;zwyKQnbDJRg
Bee Gees;You Should Be Dancing - Edit;0.725;FgXTygS865M
Bee Gees;I Started A Joke;0.456;b3kBDtjRtB0
Bee Gees;To Love Somebody;0.378;QHtGu0OGEpc
Bee Gees;Too Much Heaven;0.439;i6iBAuwBODA
Bee Gees;Tragedy;0.532;WJcozEOWgxI
Bee Gees;You Win Again;0.844;xviuC-0FwQ0
Belinda Carlisle;Heaven Is A Place On Earth;0.786;P-WP6POdTgY
Belinda Carlisle;Summer Rain;0.797;wssIZOBV9i4
Belinda Carlisle;La Luna;0.605;1RergWOAFoc
Belinda Carlisle;Mad About You;0.655;XmdtJWmR9zQ
Belinda Carlisle;Circle In The Sand;0.634;IS2Fs2nGOl0
Belinda Carlisle;I Get Weak;0.727;Pbtpm7zpNA8
Belinda Carlisle;Leave A Light On;0.798;pmZYE8j2ZNs
Belinda Carlisle;Both Sides Now;0.719;GvXcircJN-c
Belinda Carlisle;Runaway Horses;0.832;z5gQt126Ka8
Ben Harper;Diamonds On The Inside;0.736;fpns_a4Nuvo
Ben Harper;Burn One Down;0.404;7nXH_6o-X7U
Ben Harper;Forever;0.151;pHzAVDg4m1Q
Ben Harper;High Tide Or Low Tide;0.438;MFrRqjMhiC4
Ben Harper;Amen Omen;0.487;nWoafpw0rg4
Ben Harper;Walk Away;0.0954;CB_wZ_0s7mc
Ben Harper;Boa Sorte;0.565;nSTWcsU91ZY
Ben Harper;She's Only Happy In The Sun;0.318;ubLjcTF45t0
Ben Harper;With My Own Two Hands;0.706;aEnfy9qfdaU
Ben Harper;Waiting On An Angel;0.0477;twmbualKXPU
Ben Howard;Only Love;0.485;OWlKZ6C7cDY
Ben Howard;Old Pine;0.364;x8ccDb6n5Wg
Ben Howard;Keep Your Head Up;0.596;ADP65wbBUpc
Ben Howard;Promise;0.189;CVUOTzoVeZA
Ben Howard;I Forget Where We Were;0.462;TpeK3zvmx2c
Ben Howard;She Treats Me Well;0.494;GSBw3woB1F0
Ben Howard;Small Things;0.595;_3c8l322U4g
Ben Howard;Hot Heavy Summer;0.248;OIQeonzvJj4
Ben Howard;Nica Libres At Dusk;0.426;NzcV8HXE_EI
Ben Howard;The Wolves;0.543;5lCbTYu-JnI
Benny Andersson;Anthem;0.0153;fbrQ8RtoW9g
Benny Andersson;Tröstevisa;0.0636;aaEqNUTYwyo
Benny Andersson;Happy New Year;0.0654;X_lj1zIvsnY
Benny Andersson;Like An Angel;0.0831;koL36y47fd4
Benny Andersson;Chess;0.0465;ypdi0o3gNGc
Benny Andersson;Thank You For The Music;0.135;rC4hgWQHH-8
Benny Andersson;Broken Bicycles (Waits) . Junk (McCartney);0.279;MjzmKwMBQrk
Benny Andersson;I Let The Music Speak;0.0474;KBlcaj92huQ
Benny Andersson;The Day Before You Came;0.0549;5l9TD3HqK9I
Benny Andersson;My Love, My Life;0.0633;cMTe_VxMOqA
Big Country;In A Big Country;0.775;657TZDHZqj4
Big Country;Look Away;0.854;enZ3cLD-9kQ
Big Country;In A Big Country - Radio Edit;0.881;QRDgRLkIUUo
Big Country;Chance;0.653;1u9CuOkpNSQ
Big Country;Fields Of Fire;0.892;2uWjuconWM0
Big Country;Just A Shadow;0.671;4o_Pw-cTcO8
Big Country;The Storm;0.753;G8RQJ3EppbI
Big Country;Hey Hey My My, (Into the Black) - Bonus Track;0.891;FUSalm7Bisk
Big Country;Porrohman;0.784;sY3efKrLl3Q
Big Country;Wonderland;0.928;gL378Cwz4zE
Big Star;Thirteen;0.268;pte3Jg-2Ax4
Big Star;The Ballad Of El Goodo;0.472;Fhy76l7iOOs
Big Star;September Gurls;0.85;BNKSs1J38EA
Big Star;In The Street;0.721;2iXukwny37U
Big Star;Don't Worry Baby;0.332;T_X9C8V7CT0
Big Star;Kanga Roo;0.48;p3dYmtbLs20
Big Star;Holocaust;0.0928;vsQ977u8Wuk
Big Star;O My Soul;0.91;Pbnekl_rE-8
Big Star;I'm In Love With A Girl;0.278;QIfPIwWn-vg
Big Star;Feel;0.579;KHoJK7F-KSM
Bill Evans;Skating In Central Park;0.0294;8urhUop-ouI
Bill Evans;Gary's Theme - Remastered;0.0802;19EVjRb6NVE
Bill Evans;Peace Piece;0.0266;Nv2GgV34qIg
Bill Evans;Blue In Green (Take 3);0.111;KU70hNzHZRY
Bill Evans;I Hear A Rhapsody;0.036;myUuXffyu_k
Bill Evans;Lucky To Be Me;0.021;c16m8xspz8U
Bill Evans;Young And Foolish;0.0172;PVJ5jgZU6gU
Bill Evans;Waltz for Debby;0.276;dH3GSrCmzC8
Bill Evans;Autumn Leaves;0.247;r-Z8KuwI7Gc
Bill Evans;What Are You Doing The Rest Of Your Life?;0.14;BHRlxefKT_o
Billie Holiday;I'll Be Seeing You;0.0304;9l44_n60QQ8
Billie Holiday;All of Me (with Eddie Heywood & His Orchestra);0.0644;xSSg7TcpTf4
Billie Holiday;Strange Fruit;0.0437;Web007rzSOI
Billie Holiday;April In Paris;0.127;F45if_7o10Q
Billie Holiday;Crazy He Calls Me;0.145;_mitLcbHHz8
Billie Holiday;Blue Moon;0.269;ntDnwBiORu8
Billie Holiday;Easy Living (with Teddy Wilson & His Orchestra);0.23;Dpg8jA5lLQ4
Billie Holiday;I'll Look Around;0.0865;m1xFj_YvowM
Billie Holiday;Gloomy Sunday (with Teddy Wilson & His Orchestra) - Take 1;0.0823;trjW1s47c3A
Billie Holiday;I'm a Fool to Want You;0.233;ouuRsRz8syM
Billy Currington;Do I Make You Wanna;0.751;RqogSep6lwA
Billy Currington;Good Directions;0.731;DY9D01WPIN0
Billy Currington;It Don't Hurt Like It Used To;0.824;H5jSwgcS7rY
Billy Currington;Bring It On Over;0.761;fTvomsttAjQ
Billy Currington;Don't It;0.824;UkLp4S-x5b4
Billy Currington;Must Be Doin' Somethin' Right;0.656;FbQfE2Oi6Wo
Billy Currington;Details;0.714;Z69MqgTEvgM
Billy Currington;Let Me Down Easy;0.497;tLHwqv0zANc
Billy Currington;People Are Crazy;0.713;PKpQRjj_WbU
Billy Currington;Pretty Good At Drinkin' Beer;0.689;XtMy5IBmX7E
Billy Fury;Halfway to Paradise;0.328;9MTXBQp5OgI
Billy Fury;Wondrous Place;0.209;pD5v85Z6yLQ
Billy Fury;It's Only Make Believe;0.375;kqdbUgvmKYg
Billy Fury;Magic Eyes;0.502;jPH0QKTOCZk
Billy Fury;A Thousand Stars;0.276;NE96BzP_3Xc
Billy Fury;I'd Never Find Another You;0.477;7YvQyAXHUUY
Billy Fury;Like I've Never Been Gone;0.328;BJ8-cQ6lEaY
Billy Fury;Collette;0.443;FQal5SFFkGU
Billy Fury;Once Upon A Dream - Single Version;0.275;ae_ogriURVk
Billy Preston;Get Back - Remastered 2015;0.636;YEESfv-11ng
Billy Preston;Nothing From Nothing;0.831;IX2bE-OBtwk
Billy Preston;With You I'm Born Again;0.32;3a0A-UZoHnk
Billy Preston;Will It Go Round In Circles;0.871;ghj5V5cUo1s
Billy Preston;Outa-Space;0.832;UuJVleNkJj0
Billy Preston;My Sweet Lord - Live;0.856;BRBTlkScyEA
Billy Preston;That's The Way God Planned It - Alternative Version;0.643;YE97w-MHz3Q
Billy Preston;My Sweet Lord - 2010 Remaster / Encouraging Words Version;0.637;KDSdLyNrPa4
Billy Preston;Isn't It A Pity - Live;0.802;GdcSGxXJ8vM
Billy Preston;I Shall Wear A Crown - Live;0.544;LDjgjJEovJM
Bjork;It's Oh so Quiet;0.136;htobTBlCvUU
Bjork;Army of Me;0.677;6KxtgS2lU94
Bjork;Venus as a Boy;0.393;7Z5aPaDwAkU
Bjork;Hyper-Ballad - Family Tree Version;0.437;Oj_iEmITnAQ
Bjork;Human Behaviour;0.65;36Srr08PN_Y
Bjork;Big Time Sensuality;0.732;wHuXpWSNa-8
Bjork;All Is Full of Love;0.49;d2tBhaVEWGM
Bjork;Joga;0.697;oFV4QCq9SEU
Bjork;Bachelorette - Family Tree Version;0.913;y4e4mu6ArMU
Bjork;Pagan Poetry;0.46;Ol_0srrhkKA
Black Eyed Peas;RITMO (Bad Boys For Life);0.716;EzKkl64rRbM
Black Eyed Peas;Mami;0.695;xeT2luY5Lso
Black Eyed Peas;I Gotta Feeling;0.748;uSD4vsh1zDA
Black Eyed Peas;Where Is The Love?;0.706;WpYeekQkAdc
Black Eyed Peas;Pump It;0.923;ZaI2IlHwmgQ
Black Eyed Peas;Just Can’t Get Enough;0.648;OrTyD7rjBpw
Black Eyed Peas;The Time (Dirty Bit);0.813;JwQZQygg3Lk
Black Eyed Peas;Boom Boom Pow;0.851;4m48GqaOz90
Black Eyed Peas;My Humps;0.688;iEe_eraFWWs
Black Eyed Peas;Meet Me Halfway;0.604;I7HahVwYpwo
Black Sabbath;Paranoid - 2016 Remaster;0.658;uk_wUT1CvWM
Black Sabbath;Iron Man - 2014 Remaster;0.792;8aQRq9hhekA
Black Sabbath;War Pigs / Luke's Wall - 2014 Remaster;0.623;xaI3n6ub2eM
Black Sabbath;Children of the Grave - 2014 Remaster;0.65;DqbnOdIH1_E
Black Sabbath;N.I.B.;0.556;RaRtXYSszsA
Black Sabbath;Heaven and Hell - 2008 Remaster;0.673;jktd1AdUYpw
Black Sabbath;Planet Caravan - 2013 Remaster;0.0595;SvrOzYtnLMA
Black Sabbath;Changes - 2013 Remaster;0.215;nPtorZ2k7Ak
Black Sabbath;Sabbath Bloody Sabbath - 2014 Remaster;0.625;9FsIp2YrtQI
Black Sabbath;Sweet Leaf - 2014 Remaster;0.6;SE1bL2bHe_w
Black Uhuru;Sinsemilla;0.564;8vCumnMX1HU
Black Uhuru;Guess Who's Coming To Dinner;0.696;KWEGXb2juvM
Black Uhuru;Sponji Reggae;0.542;uF_S5GRlMaw
Black Uhuru;Shine Eye Gal;0.281;R-RrUF5Dzqo
Black Uhuru;I Love King Selassie;0.831;hftSexRjUjw
Black Uhuru;Big Spliff;0.495;eQmrzdliWOA
Black Uhuru;Great Train Robbery;0.562;-K0-2YN7UyM
Black Uhuru;Youth Of Eglington;0.516;Hbp_N8VsFqk
Black Uhuru;Puff She Puff;0.599;gslBhMiXSU4
Blind Faith;Can't Find My Way Home;0.318;6jlLBs6YawM
Blind Faith;Had To Cry Today;0.654;x_iLZXjhI-g
Blind Faith;Presence Of The Lord;0.517;HIcESt9eYRk
Blind Faith;Well All Right;0.65;6xDkpClZGEM
Blind Faith;Sea Of Joy;0.526;FZQXvUeHmjQ
Blind Faith;Sleeping In The Ground;0.399;LF7FAn8j6-s
Blind Faith;Do What You Like;0.495;mRG1HWRIDW0
Blind Faith;Bron-Y-Aur;0.168;xDuTRuVbjvQ
Blind Faith;Layla;0.719;VRf5zBsW_oc
Blind Faith;Tears In Heaven;0.31;7xB-kFaH_u0
Blink-182;All The Small Things;0.897;9Ht5RZpzPqw
Blink-182;What's My Age Again?;0.951;K7l5ZeVVoCA
Blink-182;I Miss You;0.778;s1tAYmMjLdY
Blink-182;First Date;0.928;vVy9Lgpg1m8
Blink-182;I Really Wish I Hated You;0.81;p9asRPqPbjo
Blink-182;Darkside;0.923;4cbSPNZryzo
Blink-182;Adam's Song;0.775;2MRdtXWcgIw
Blink-182;Pin the Grenade;0.918;F0JlOOtB5ug
Blink-182;Blame It On My Youth;0.941;SleFHBDZb8k
Blink-182;The Rock Show;0.959;z7hhDINyBP0
Blondie;Heart Of Glass - Special Mix;0.577;SP6BgyF7LPw
Blondie;Call Me;0.833;StKVS0eI85I
Blondie;Maria;0.816;VoOG7LEyUJ0
Blondie;One Way Or Another;0.92;1VFuHj9_Tgw
Blondie;The Tide Is High - Edit;0.667;ppYgrdJ0pWk
Blondie;Heart Of Glass - Remix;0.549;bCUNIqD6Fa0
Blondie;Atomic;0.829;O_WLw_0DFQQ
Blondie;Rapture;0.704;pHCdS7O248g
Blondie;Heart Of Glass;0.662;WGU_4-5RaxU
Blondie;Dreaming;0.919;TU3-lS_Gryk
Blue Cheer;Summertime Blues;0.482;YXcYZsqkZ-g
Blue Cheer;Good Times Are So Hard To Find;0.764;-BaKloZpjBM
Blue Cheer;Peace Of Mind;0.48;GTFaOxLlJCA
Blue Cheer;Sun Cycle;0.428;XdhGOWKqy7E
Blue Cheer;Out Of Focus;0.486;W8xTHJsDgiE
Blue Cheer;Rock Me Baby;0.479;qb1ZZpd6OSQ
Blue Cheer;Hello L.A., Bye-Bye Birmingham;0.487;O9SN4bGnvoc
Blue Cheer;Pilot;0.753;eCT9p2EdnjA
Blue Cheer;Blue Steel Dues;0.352;9FDeLRhj7XA
Blue Cheer;Doctor Please;0.338;mRDsvOFekpE
Bo Diddley;I'm A Man;0.546;SaC5ZKRjLUM
Bo Diddley;Bo Diddley;0.701;3jrIK7YB0tE
Bo Diddley;You Can't Judge A Book By It's Cover;0.322;Lch0o4wwGyw
Bo Diddley;Pretty Thing;0.408;OUJgll0RiHE
Bo Diddley;Who Do You Love;0.729;8w9Eii9ZFsQ
Bo Diddley;Road Runner;0.783;ap8JtQZG73M
Bo Diddley;Hit Or Miss;0.621;CSRDz2wm0Dk
Bo Diddley;Hey! Bo Diddley;0.89;BKYSAfbOCPc
Bo Diddley;Ooh Baby;0.655;kwoRxJs_ycw
Bo Diddley;Look At Grandma;0.842;_g09hIGepnQ
Bob Dylan;Knockin' On Heaven's Door - Remastered;0.396;rm9coqlk8fY
Bob Dylan;Like a Rolling Stone;0.721;IwOfCgkyEj0
Bob Dylan;The Times They Are A-Changin';0.396;90WD_ats6eE
Bob Dylan;Blowin' in the Wind;0.0993;MMFj8uDubsE
Bob Dylan;Hurricane;0.827;bpZvg_FjL3Q
Bob Dylan;Girl from the North Country (with Johnny Cash);0.142;Je4Eg77YSSA
Bob Dylan;Tangled up in Blue;0.661;YwSZvHqf9qM
Bob Dylan;Don't Think Twice, It's All Right;0.243;1iHhWh9FtsQ
Bob Dylan;Mr. Tambourine Man;0.31;oecX_1pqxk0
Bob Dylan;Shelter from the Storm;0.241;-gsDBuHwqbM
Bob Marley;Three Little Birds;0.482;LanCLS_hIo4
Bob Marley;Could You Be Loved;0.728;Mm7muPjevik
Bob Marley;Is This Love;0.559;CHekNnySAfM
Bob Marley;One Love / People Get Ready - Medley;0.523;opu2tXoVNKU
Bob Marley;Jamming;0.467;oFRbZJXjWIA
Bob Marley;Buffalo Soldier;0.469;S5FCdx7Dn0o
Bob Marley;Redemption Song;0.248;kOFu6b3w6c0
Bob Marley;Waiting In Vain;0.457;8WQVb_nuKvs
Bob Marley;No Woman, No Cry - Live At The Lyceum, London/1975;0.657;jJzJewlOfVs
Bob Marley;Satisfy My Soul;0.418;R8GCc8OhTz8
Bon Jovi;Livin' On A Prayer;0.887;lDK9QqIzhwk
Bon Jovi;You Give Love A Bad Name;0.96;KrZHPOeOxQQ
Bon Jovi;It's My Life;0.903;vx2u5uUu3DE
Bon Jovi;Always;0.659;9BMwcO6_hyA
Bon Jovi;Wanted Dead Or Alive;0.802;SRvCvsRp5ho
Bon Jovi;Bed Of Roses;0.58;NvR60Wg9R7Q
Bon Jovi;Runaway;0.897;s86K-p089R8
Bon Jovi;Bad Medicine;0.973;eOUtsybozjg
Bon Jovi;I'll Be There For You;0.727;mh8MIp2FOhc
Bon Jovi;Never Say Goodbye;0.797;ifm00JEjSeo
Bonnie Raitt;I Can't Make You Love Me;0.149;nW9Cu6GYqxo
Bonnie Raitt;Something To Talk About;0.64;mJ58TVYNFro
Bonnie Raitt;Angel from Montgomery - Remastered;0.393;s4S1Q1vfngA
Bonnie Raitt;Angel from Montgomery - Live;0.25;qnFZlEYU7XY
Bonnie Raitt;Thank You - Remastered;0.279;nDuS3exHhq8
Bonnie Raitt;Nick Of Time;0.312;Dy8gHfGIS_A
Bonnie Raitt;Love Me Like a Man - Remastered;0.525;K7u0bBrLZsE
Bonnie Raitt;Feels Like Home;0.206;7dLq7I7jcIA
Bonnie Raitt;Have A Heart;0.269;b9L0ewWvge8
Bonnie Raitt;Six Strings Down;0.809;psvzznpquSU
Booker T;Green Onions;0.514;_bpS-cOBK6Q
Booker T;Time Is Tight;0.43;50xx1_CbJTI
Booker T;Soul Limbo;0.663;9GdvFiE2R5I
Booker T;Melting Pot;0.508;Nsc4u4-8Nns
Booker T;Let's Go Get Stoned;0.0475;PrW97OKtbB0
Booker T;Behave Yourself;0.287;Zzv3MkllWu0
Booker T;Sunny;0.246;EmppkjA5k7I
Booker T;Sunday Sermon;0.264;VBN41lm1AF8
Booker T;Hip Hug-Her;0.321;1v1iZUiBJiQ
Booker T;Booker-Loo;0.722;DohS6aHc9nk
Boyz II Men;End Of The Road;0.423;zDKO6XYXioc
Boyz II Men;One Sweet Day;0.495;UXxRyNvTPr8
Boyz II Men;I'll Make Love To You;0.509;fV8vB1BB2qc
Boyz II Men;On Bended Knee;0.532;jSUSFow70no
Boyz II Men;If You Leave Me Now (feat. Boyz II Men);0.268;BJeCOo_CRyE
Boyz II Men;Motownphilly;0.848;Rciee-oQLoI
Boyz II Men;Water Runs Dry;0.377;9N9opF-PK5k
Boyz II Men;Please Don't Go;0.665;x6LsIjSQnKs
Boyz II Men;It's So Hard To Say Goodbye To Yesterday;0.101;VastXQ_hPb0
Boyz II Men;4 Seasons Of Loneliness;0.488;fUSOZAgl95A
Brantley Gilbert;What Happens In A Small Town;0.788;u6BTbjFsW-w
Brantley Gilbert;Bottoms Up;0.857;ukick72Qafc
Brantley Gilbert;Kick It In The Sticks;0.843;ve8sNTqrzCw
Brantley Gilbert;Fire’t Up;0.883;39x_zoygIPE
Brantley Gilbert;The Weekend;0.811;dZzkNZ2Nf9M
Brantley Gilbert;Read Me My Rights;0.945;TGTCDnFL2Nk
Brantley Gilbert;Country Must Be Country Wide;0.765;8peBUdlUNmM
Brantley Gilbert;The Ones That Like Me;0.834;WUFpGGe8U_E
Brantley Gilbert;Not Like Us;0.848;3oRwCF7pbeI
Brantley Gilbert;Welcome To Hazeville;0.658;JeVHLHnFNfQ
Brenda Holloway;Every Little Bit Hurts;0.387;Ub5x1V2v3uQ
Brenda Holloway;Baby I've Got It;0.875;EZzPtpX6EMo
Brenda Holloway;My World Is Crumbling;0.626;454u5a0DFb0
Brenda Holloway;You've Made Me So Very Happy - Single Version;0.43;3zvTvZcmouU
Brenda Holloway;When I'm Gone;0.482;OAIX1imfNEo
Brenda Holloway;Think It Over (Before You Break My Heart) - Stereo Version;0.656;5nrWLBVHf8c
Brenda Holloway;Just Look What You've Done - Single Version;0.551;0wSuKUJMfxU
Brenda Holloway;You've Made Me So Very Happy (Remastered);0.575;ASWY-WMmKlo
Brenda Holloway;All I Do Is Think About You - Motown Anthology Version;0.349;FgLHcJOZzwI
Brian Eno;Emerald and Stone;0.0379;ARlDjTp5nSs
Brian Eno;Signals - Remastered 2005;0.0119;8JGZzMpToAI
Brian Eno;Drift - Remastered 2005;0.116;JNmOK9F0gB4
Brian Eno;An Ending (Ascent) - Remastered 2005;0.0906;OlaTeXX3uH8
Brian Eno;Deep Blue Day - Remastered 2005;0.343;lJ71NUL9Cp4
Brian Eno;Spinning Away;0.761;u4v6swKWx9A
Brian Eno;The Big Ship - 2004 Digital Remaster;0.261;2Tqy6be0Juc
Brian Eno;By This River - 2004 Digital Remaster;0.0155;UokIoawK9wQ
The Brothers Johnson;Strawberry Letter 23;0.617;f0bdLdTJdKI
The Brothers Johnson;Stomp! - Single Version;0.779;tPBDMihPRJA
The Brothers Johnson;Get The Funk Out Ma Face;0.568;huzYji2OAD4
The Brothers Johnson;I'll Be Good To You;0.671;-mjovmCPftU
The Brothers Johnson;Come Together;0.523;nRCdnASv9cE
The Brothers Johnson;Stomp!;0.886;tPBDMihPRJA
The Brothers Johnson;Ain't We Funkin' Now;0.925;IDWtCusiqmc
The Brothers Johnson;Celebrations;0.871;KuPbk0dBGtg
The Brothers Johnson;Light Up The Night;0.713;LDzH7ecKt7U
Bruce Springsteen;Dancing In the Dark;0.942;129kuDCQtHs
Bruce Springsteen;Born in the U.S.A.;0.952;EPhWR4d3FJQ
Bruce Springsteen;I'm On Fire;0.446;lrpXArn3hII
Bruce Springsteen;Born to Run;0.944;IxuThNgl3YA
Bruce Springsteen;Streets of Philadelphia - Single Edit;0.249;1Z0jSNaIc4Q
Bruce Springsteen;Hungry Heart;0.894;boJhWtw-6Gg
Bruce Springsteen;Glory Days;0.96;6vQpW9XRiyM
Bruce Springsteen;Thunder Road;0.758;jte9PzIu9T4
Bruce Springsteen;The River;0.536;lc6F47Z6PI4
Bruce Springsteen;Tougher Than the Rest;0.514;_91hNV6vuBY
Bryan Adams;Summer Of '69;0.834;eFjjO_lhf9c
Bryan Adams;Heaven;0.589;s6TtwR2Dbjg
Bryan Adams;(Everything I Do) I Do It For You;0.372;vFD2gu007dc
Bryan Adams;Please Forgive Me;0.456;9EHAo6rEuas
Bryan Adams;Have You Ever Really Loved A Woman?;0.463;hq2KgzKETBw
Bryan Adams;Run To You;0.811;nCBASt507WA
Bryan Adams;When You're Gone;0.921;_W2jONIjrM0
Bryan Adams;Straight From The Heart;0.213;-ebtjgK8NNU
Bryan Adams;Here I Am - End Title;0.772;G6xr6VKg7sE
Bryan Adams;Do I Have To Say The Words?;0.581;otgnuwR6w8o
Bryan Ferry;Slave To Love;0.818;9kp3N3wQPO0
Bryan Ferry;Let's Stick Together;0.892;Z9EbR0ckb40
Bryan Ferry;Don't Stop The Dance;0.769;XjhTHQhJLxs
Bryan Ferry;As Time Goes By;0.206;6aXCsy0S4Wk
Bryan Ferry;Casanova;0.594;XSNYggEXK2g
Bryan Ferry;Knockin' On Heaven's Door;0.638;Kea-fJAkKOU
Bryan Ferry;The Way You Look Tonight;0.485;5sjkygOGdPQ
Bryan Ferry;I'm In The Mood For Love;0.488;Jhft6R5bHO4
Bryan Ferry;Love Is The Drug;0.606;0n3OepDn5GU
Bryan Ferry;The Times They Are A-Changin';0.673;Q9MuHtciTxs
Buddy Guy;Feels Like Rain;0.348;QButLzJB5SI
Buddy Guy;Mustang Sally;0.934;csowL1kIhKY
Buddy Guy;Damn Right, I've Got the Blues;0.921;3hjqqa5tq5k
Buddy Guy;Flesh & Bone (Dedicated to B.B. King);0.55;-DXI4hxm_-o
Buddy Guy;Mary Had A Little Lamb;0.446;FxNzZunmh-Q
Buddy Guy;Cognac;0.707;nzztqp6rE3I
Buddy Guy;What Kind Of Woman Is This?;0.586;0zhV99Bvrgg
Buddy Guy;Ain't No Sunshine featuring Tracy Chapman;0.421;Z4RskhZebn8
Buddy Guy;Sit and Cry (The Blues);0.537;OU1fqSzQGK8
Buddy Guy;The Blues Is Alive And Well;0.539;FIn_gA2XwL0
Buddy Holly;Everyday;0.219;GMezwtB1oCU
Buddy Holly;Peggy Sue;0.424;OUesbTObC9A
Buddy Holly;That'll Be The Day;0.65;9nrInsANB8Q
Buddy Holly;Rave On;0.711;0IUV-QxwlRM
Buddy Holly;True Love Ways;0.138;QjFRHIhSvwc
Buddy Holly;(Ummmm, Oh Yeah) Dearest;0.493;BbURkDqE0Cs
Buddy Holly;Oh Boy! - Overdubbed Version;0.619;78423JSJtG0
Buddy Holly;It Doesn't Matter Anymore;0.246;KOTv9jY4X5E
Buddy Holly;Heartbeat;0.346;iZyuxNxQvbE
Buddy Holly;Words Of Love;0.453;ZcuojSU_hOY
Burning Spear;Hail H.I.M - 2002 Remastered Version;0.652;EUdCweRtqi8
Burning Spear;Marcus Garvey;0.473;oGN3R49-CAE
Burning Spear;Slavery Days;0.446;kPRNcLKNE5c
Burning Spear;African Teacher - 2002 Remastered Version;0.52;AFky4_XpB6c
Burning Spear;African Postman;0.96;scofw2CWQN8
Burning Spear;Black Wa-Da-Da (Invasion);0.41;FEq0sLluCwk
Burning Spear;Cry Blood Africa - 2002 Remastered Version;0.537;wZSaTiGr_MM
Burning Spear;House Of Reggae;0.545;k14wByRsaqI
Burning Spear;Columbus - 2002 Remastered Version;0.446;CZyTqj-vRrM
Burning Spear;Road Foggy - 2002 Remastered Version;0.484;qGM2QaGPDhI
Burt Bacharach;I'll Never Fall in Love Again;0.46;yNJLrLS6VG0
Burt Bacharach;What The World Needs Now Is Love;0.272;lSBrn6wTZSA
Burt Bacharach;Something Big;0.391;8y5OhmoAKdo
Burt Bacharach;Toledo;0.307;EOPXvtZvb7g
Burt Bacharach;This House Is Empty Now;0.289;8IXFzQsA5KM
Burt Bacharach;The Look Of Love;0.336;otLIoMANylU
Burt Bacharach;South American Getaway - From "Butch Cassidy And The Sundance Kid" Soundtrack;0.107;RlzNZ5oj3so
Burt Bacharach;This Guy's In Love With You;0.138;2dDGnl8_Dzg
Burt Bacharach;Arthur's Theme (The Best That You Can Do);0.448;CQe6O0Ab5nc
Burt Bacharach;In The Darkest Place;0.229;bfnzT-vkshw
The Cadillac Three;Crackin’ Cold Ones With The Boys;0.763;GFZ0RFnICMc
The Cadillac Three;White Lightning;0.744;-XC3kiW6UNE
The Cadillac Three;The South;0.839;_IZcoiPiXS8
The Cadillac Three;Drunk Like You;0.793;8SS4bthu9n8
The Cadillac Three;All The Makin’s Of A Saturday Night;0.882;4MKh-wvRPbQ
The Cadillac Three;Dang If We Didn't;0.824;sUTFXgAhdvo
The Cadillac Three;Take Me To The Bottom;0.548;kKRuToJPITc
The Cadillac Three;Back Home;0.746;QIBPvgpdXpc
The Cadillac Three;Party Like You;0.947;WuNLKoWOIEw
The Cadillac Three;Bury Me In My Boots;0.778;JKaRp8IKjl0
Camel;Fisher;0.501;Gbs8ogjBoRY
Camel;Oboe;0.666;lNoHnRSCYGw
Camel;Ourson;0.379;MzsyqCXlP-0
Camel;Inana;0.5;AGRCvo3Qbdk
Camel;Kaffeklubben;0.661;7s69q1Hc9iY
Camel;Laika;0.417;ArQAeJKUhc0
Camel;Altaïr;0.687;tuEAXJzbbSU
Camel;Ventura Acoustic;0.415;Y0EerGClZP4
Camel;Laïka (Hannes Fischer Remix);0.259;fxDFSizHDes
Camel;Ubuntu;0.623;ukvpjH0BLMc
Canned Heat;Going Up The Country;0.239;p0PjECSyJ7w
Canned Heat;On the Road Again;0.182;qRKNw477onU
Canned Heat;Let's Work Together - Long Version / Bonus Track;0.713;Hom0fYd5uX4
Canned Heat;On The Road Again;0.395;qRKNw477onU
Canned Heat;Cristo Redentor - Live;0.32;2LTzAd0no0g
Canned Heat;Poor Moon - Bonus Track;0.24;vZXRWgKe1x8
Canned Heat;Goin' Up The Country;0.621;p0PjECSyJ7w
Canned Heat;Time Was;0.493;blhBcjuOUAM
Canned Heat;Whiskey And Wimmen';0.686;gGrADAAvrkE
Canned Heat;Help Me;0.382;MA55O-ebL7k
Captain Beefheart;I'm Glad;0.407;TsjcQoJ8W4U
Captain Beefheart;Her Eyes Are a Blue Million Miles;0.357;MRlWbzdmJQA
Captain Beefheart;Sure 'Nuff 'n' Yes, I Do;0.704;ayUqmladJuo
Captain Beefheart;Zig Zag Wanderer;0.843;rxZWdGOwLFI
Captain Beefheart;Too Much Time;0.39;-Msq1Js3mcY
Captain Beefheart;My Head Is My Only House Unless It Rains;0.256;XJ2kSmbxEUw
Captain Beefheart;Electricity;0.813;S8eRDkiwGMM
Captain Beefheart;Abba Zaba;0.663;JTo7OgXkbe8
Captain Beefheart;Call On Me;0.76;rye0rce3Quw
Captain Beefheart;Tropical Hot Dog;0.781;c0uqyjGuxyA
Caravan;Jardín Secreto;0.509;euGiAFfi7kY
Caravan;Dirty Taranta;0.666;MxShmcXTuAo
Caravan;Las Calles del Mundo;0.744;p8wFbo65S1g
Caravan;Utopía;0.694;rXnfMc8lqOg
Caravan;Las Historias de los Hombres;0.644;CedZ-kX0S8U
Caravan;La Velocidad;0.932;lofSBrbKO3Y
Caravan;Ciudadano Ideal;0.447;qKxLSD2HTKk
Caravan;Benvenuti a Tutti;0.637;D6gXQgAaRgg
Caravan;Mientras la Lluvia Siga;0.572;Bd-vMCQJd4w
Caravan;Fenicia;0.732;6jEo8b5gUW0
Carpenters;Yesterday Once More;0.38;YTaWayUE5XA
Carpenters;Top Of The World;0.343;FDPMmaHWj1I
Carpenters;(They Long To Be) Close To You;0.245;tT86AoSGEL8
Carpenters;Please Mr. Postman;0.547;dcLbS0yxzdk
Carpenters;I Won't Last A Day Without You;0.221;tt5huMICEwU
Carpenters;We've Only Just Begun;0.321;__VQX2Xn7tI
Carpenters;Rainy Days And Mondays;0.235;PjFoQxjgbrs
Carpenters;Superstar;0.253;SJmmaIGiGBg
Carpenters;Sleigh Ride;0.232;_LGt_Ro2o5Q
Carpenters;You;0.323;DX5naHdAHo0
Cat Stevens;Wild World;0.503;Jta56wBl7SM
Cat Stevens;Father And Son;0.343;X8W5U2tIFQI
Cat Stevens;Morning Has Broken;0.324;uZAsfB1Np-8
Cat Stevens;Peace Train;0.582;vjUyM_xd6IA
Cat Stevens;The Wind;0.188;cd2jXsmSaKc
Cat Stevens;Moonshadow;0.294;8L56rAG5aK0
Cat Stevens;If You Want To Sing Out, Sing Out;0.294;NDq36YD1ESM
Cat Stevens;Where Do The Children Play?;0.304;F_vy-eWGKSk
Cat Stevens;Lady D'Arbanville;0.27;qZP54bClDRw
Cat Stevens;The First Cut Is The Deepest;0.786;aBccr-aLu4I
Charlie Parker;Summertime;0.351;k7CHDscLREk
Charlie Parker;Ornithology;0.689;Z2tvlp7RnlM
Charlie Parker;All The Things You Are;0.0787;UTORd2Y_X6U
Charlie Parker;Scrapple From The Apple;0.397;Mg4eOHc3Rpg
Charlie Parker;Just Friends;0.571;DmRkZeGFONg
Charlie Parker;An Oscar For Treadwell - Incomplete 411-1;0.462;FVe1l9Nz-JU
Charlie Parker;Billie's Bounce - Original;0.33;S4mRaEzwTYo
Charlie Parker;Leap Frog - Take 11 / Take 6 / Master;0.728;fHs5gUZsKsc
Charlie Parker;Donna Lee;0.612;02apSoxB7B4
Charlie Parker;Parker's Mood - New Take 1;0.111;prDBNyPYah8
Cheap Trick;I Want You to Want Me;0.462;BJs_L7yq5qE
Cheap Trick;Surrender;0.955;1sAm5UCJ9vA
Cheap Trick;The Flame;0.581;muhFxXce6nA
Cheap Trick;Mighty Wings - From "Top Gun" Original Soundtrack;0.919;L-4XsDQYDi4
Cheap Trick;Ghost Town;0.59;Zwss-tb-h_U
Cheap Trick;Dream Police;0.766;OPemyipJzAM
Cheap Trick;I Want You to Want Me - Live at Nippon Budokan, Tokyo, JPN - April 1978;0.873;dCvbWvQYOmI
Cheap Trick;The Flame - Single Version;0.596;O8hWJsFjmQM
Cheap Trick;Hello There;0.915;yKjs4qoSZ0c
Cheap Trick;Voices;0.55;zPOCZaxjFcU
The Chemical Brothers;Hey Boy Hey Girl;0.92;tpKCqp9CALQ
The Chemical Brothers;Galvanize;0.714;Xu3FTEmN-eg
The Chemical Brothers;Go;0.897;LO2RPDZkY88
The Chemical Brothers;Got To Keep On;0.867;rSYwtllbweY
The Chemical Brothers;No Geography;0.818;mw_FBYeUdKc
The Chemical Brothers;Let Forever Be;0.872;s5FyfQDO5g0
The Chemical Brothers;Block Rockin' Beats;0.977;iTxOKsyZ0Lw
The Chemical Brothers;The Salmon Dance;0.736;dDj7DuHVV9E
The Chemical Brothers;Wide Open;0.593;BC2dRkm8ATU
The Chemical Brothers;Star Guitar;0.956;0S43IwBF0uM
Cher;Believe;0.917;nZXRV4MezEw
Cher;If I Could Turn Back Time;0.566;BsKbwR7WXN4
Cher;Walking in Memphis;0.679;Z2DFu7oWit0
Cher;The Shoop Shoop Song (It's In His Kiss);0.61;yCpKQjqb8Y4
Cher;Strong Enough;0.923;zLt8lUBEPnM
Cher;Super Trouper;0.655;SXwEDKVpNxs
Cher;After All (Love Theme From Chances Are);0.336;wZJDV5JwOGs
Cher;Fernando;0.663;QRoO7MBpv-4
Cher;Just Like Jesse James;0.563;kpclpqXGe5A
Cher;I Found Someone;0.568;zivtxPfF5Bg
Chris Cornell;Nothing Compares 2 U - Live At SiriusXM/2015;0.327;INXPoVcpa1w
Chris Cornell;You Know My Name - From "Casino Royale" Soundtrack;0.863;867iyhVFyEw
Chris Cornell;Black Hole Sun - Recorded Live At Red Robinson Show Theatre, Vancouver, Canada on April 30, 2011;0.385;oObvBpsTxEk
Chris Cornell;Nearly Forgot My Broken Heart;0.792;zpMfZPAc1kg
Chris Cornell;Billie Jean;0.637;R0uWF-37DAM
Chris Cornell;Thank You - Recorded Live At Esplanade Arts & Heritage Centre, Medicine Hat, Alberta, Canada on April 27, 2011;0.317;NxjByY9UrbA
Chris Cornell;Like A Stone - Recorded Live At Queen Elizabeth Theatre, Toronto, ON on April 20, 2011;0.312;djmU6aDINko
Chris Cornell;Seasons;0.422;1uwT1Q6JeB4
Chris Cornell;When Bad Does Good;0.657;06OYeGnX5C4
Chris Cornell;I Am The Highway - Live At Queen Elizabeth Theatre, Toronto, ON/2011;0.296;uTYupZFZks8
Chris Stapleton;Tennessee Whiskey;0.37;4zAThXFOy2c
Chris Stapleton;BLOW (with Chris Stapleton & Bruno Mars);0.796;s93NCuXt7x4
Chris Stapleton;Broken Halos;0.575;qgt9idKAYDw
Chris Stapleton;Parachute;0.762;pl4c0kZUm2M
Chris Stapleton;Millionaire;0.463;MPoN-FNB2V8
Chris Stapleton;Fire Away;0.301;ZI-aPHeUDlk
Chris Stapleton;Traveller;0.75;_kBnFgLP8po
Chris Stapleton;Whiskey And You;0.0562;z2uPKDXS8BA
Chris Stapleton;Nobody To Blame;0.666;P0mwo-dAABA
Chris Stapleton;Midnight Train To Memphis;0.929;Dg3lXoCo7HU
Chuck Berry;Johnny B. Goode;0.803;cQGCWf6azHY
Chuck Berry;You Never Can Tell;0.852;RoDPPgWbfXY
Chuck Berry;No Particular Place To Go;0.791;t6OS_ItMGpc
Chuck Berry;Roll Over Beethoven;0.797;zD80CostTV0
Chuck Berry;Run Rudolph Run - Single Version;0.711;MVu4c7dhDRE
Chuck Berry;Maybellene;0.768;75RiHJGfyUE
Chuck Berry;Route 66;0.694;tg2EbJy-9dc
Chuck Berry;Sweet Little Sixteen;0.627;ZLV4NGpoy_E
Chuck Berry;School Day (Ring Ring Goes The Bell);0.872;zuufgJUzmew
Chuck Berry;Rock And Roll Music;0.768;0XSaKQlBZuE
Cinderella;Don't Know What You Got (Till It's Gone);0.535;i28UEoLXVFQ
Cinderella;Nobody's Fool;0.458;MCOrtJMQmVs
Cinderella;Gypsy Road;0.886;6j7E7pvLxmI
Cinderella;Shake Me;0.889;ptPekKOigkQ
Cinderella;Coming Home;0.721;j-qG6o5N7oQ
Cinderella;Heartbreak Station;0.616;Uuegke22rdA
Cinderella;Somebody Save Me;0.705;LUkqBRC1zUA
Cinderella;Bad Seamstress Blues / Fallin' Apart At The Seams;0.862;D7wdLAM1yjc
Cinderella;Night Songs;0.642;LqUAYsynaP8
Cinderella;Shelter Me;0.945;fgi5xdftOIA
The Clash;Should I Stay or Should I Go - Remastered;0.833;shh0FCEsJg4
The Clash;London Calling - Remastered;0.801;ywlDTOp-Y6I
The Clash;Rock the Casbah - Remastered;0.872;dVb-NqHZ34U
The Clash;Train in Vain - Remastered;0.722;cKz63hbtU5w
The Clash;I Fought the Law;0.9;AL8chWFuM-s
The Clash;The Guns of Brixton - Remastered;0.613;vyYPybpnhf8
The Clash;Lost in the Supermarket - Remastered;0.634;IgdaBdgoqv0
The Clash;Straight to Hell - Remastered;0.595;cBR1Q05JjhA
The Clash;Charlie Don't Surf - Remastered;0.595;yVcG0cTtSVo
The Clash;The Magnificent Seven - Remastered;0.789;avBLBKL1FB0
Climax Blues Band;Couldn't Get It Right;0.62;iwnC_8_ZeYE
Climax Blues Band;I Love You;0.446;gvDwr9-MlfE
Climax Blues Band;Together and Free;0.867;5z83af8hwRQ
Climax Blues Band;Straight Down The Middle;0.571;x1ovSgBq3G8
Climax Blues Band;Rollin' Home;0.418;TOSx9Gsydn4
Climax Blues Band;Mole On the Dole;0.447;hY_OO2W08Kc
Climax Blues Band;Mighty Fire;0.705;S0BIKVCBVgw
Climax Blues Band;Fool For The Bright Lights;0.421;iZ_6MlpfwBU
Coleman Hawkins;Rosita;0.259;zLK2lbRi828
Coleman Hawkins;Out Of Nowhere;0.218;FlivbCRK5ek
Coleman Hawkins;Greensleeves;0.0474;b6hRHxQ06xY
Coleman Hawkins;What a difference a day makes;0.36;sMUczCvV89w
Coleman Hawkins;Cocktails For Two;0.125;csfCE5lOnbs
Coleman Hawkins;Body and Soul;0.113;zUFg6HvljDE
Coleman Hawkins;You'd Be So Nice To Come Home To;0.245;jiQKeIvcPng
Coleman Hawkins;Prisoner Of Love;0.156;sNmxCoWnTFw
Coleman Hawkins;Sweet Loraine;0.384;eUDvNlJpx18
Coleman Hawkins;Tangerine;0.2;P75ujfUWw20
Common;Invocation;0.539;75OICAQHZ-I
Common;Glory (From the Motion Picture Selma);0.587;KnIozPJWTPM
Common;Resurrection;0.682;HmOd0GKuztE
Common;I Used to Love H.E.R.;0.445;TrUERC2Zk64
Common;HER Love [Feat. Daniel Caesar with special guest Dwele];0.561;vRS8e-lysQU
Common;The Light;0.649;OjHX7jf-znA
Common;GO!;0.775;YCe1gC5VaW4
Common;Be (Intro);0.733;hJwAkpfcEj4
Common;Good Morning Love [Feat. Samora Pinderhughes];0.715;jEU8rq6DEqY
Common;The Food;0.74;ZtH6OW4hsnE
The Common Linnets;Calm After The Storm;0.38;hkrF8uC92O4
The Common Linnets;Calm After The Storm - Radio Edit;0.363;YwdJ5NkeyYU
The Common Linnets;Love Goes On;0.326;73JsO82_SII
The Common Linnets;Still Loving After You;0.499;ggCQtHd19GY
The Common Linnets;Hungry Hands;0.666;Jzhw2COE6Ko
The Common Linnets;Broken But Home;0.526;vjzmzrdmnGE
The Common Linnets;Where Do I Go With Me;0.358;tVDXsVtOTnw
The Common Linnets;Arms Of Salvation;0.672;UaD24VqqGYA
The Common Linnets;Give Me A Reason;0.729;qNdirDqjpgk
The Common Linnets;Before Complete Surrender;0.62;eu4v6QJQAa4
Corinne Bailey Rae;Put Your Records On;0.511;rjOhZZyn30k
Corinne Bailey Rae;Like A Star;0.226;gvH9Ccqk5qc
Corinne Bailey Rae;The Scientist;0.218;tEbMmsMIQlc
Corinne Bailey Rae;Is This Love;0.333;tVxaf2booV8
Corinne Bailey Rae;Trouble Sleeping;0.55;-wc0qMerzz0
Corinne Bailey Rae;Closer;0.467;XrjXLbQQmZA
Corinne Bailey Rae;Till It Happens To You;0.226;EdAhWW0BVGI
Corinne Bailey Rae;Breathless;0.491;ha5uX4dZLCE
Corinne Bailey Rae;Green Aphrodisiac;0.504;o7hrk4AGEBE
Corinne Bailey Rae;Jersey Girl;0.278;MCBBYSwPr80
Count Basie;Fly Me To The Moon (In Other Words);0.258;fa4UguKRgNg
Count Basie;The Best Is Yet To Come;0.29;IXpIoRhJeLQ
Count Basie;Dream A Little Dream Of Me;0.073;BQZUASfSEjg
Count Basie;Rusty Dusty Blues;0.265;4pVEtc_nh2Q
Count Basie;Splanky;0.376;VBTSoLzZ3-U
Count Basie;Lil' Darlin';0.0305;nqn4nyZz0to
Count Basie;Sent For You Yesterday;0.389;cYymfYhjpQ4
Count Basie;More (Theme From Mondo Cane);0.337;ZPPBlVPThL8
Count Basie;Are You Havin' Any Fun?;0.499;V8RjPjCscMo
Count Basie;Topsy;0.382;Zl7CITge_5A
Counting Crows;Mr. Jones;0.817;-oqAU5VxFWs
Counting Crows;Accidentally In Love;0.922;QUypt2nvorM
Counting Crows;Big Yellow Taxi;0.866;tvtJPs8IDgU
Counting Crows;A Long December;0.591;1D5PtyrewSs
Counting Crows;Round Here;0.487;SAe3sCIakXo
Counting Crows;Colorblind;0.233;y0s7ycdUcHk
Counting Crows;Hanginaround;0.783;ARiiO_41Id8
Counting Crows;Rain King;0.879;izeDRfkyMAQ
Counting Crows;Mr. Jones - Live At Chelsea Studios, New York/1997;0.644;leNoQVforQk
Counting Crows;Omaha;0.517;bsdcZhfgo90
Craig Armstrong;Me Before You Orchestral;0.135;EqkFgAn4U-o
Craig Armstrong;Opening;0.189;0eD4kdrFTIQ
Craig Armstrong;Journey To Dignitas;0.0601;Bbbnq_7w8QU
Craig Armstrong;Bathsheba and Oak Unite;0.21;srq45XPUNqM
Craig Armstrong;Paris;0.141;oN9bdA9NQQ0
Craig Armstrong;Didn't You Love Anything;0.0288;XKoFN__PbTE
Craig Armstrong;Hollow in the Ferns;0.141;vwEEF_HV4uQ
Craig Armstrong;Hotel Sayre;0.0884;fw_qWNtG6LU
Craig Armstrong;If You Should Fall;0.084;tp6FJkIfNyw
Craig Armstrong;Magic Tree And I Let Myself Go;0.0216;OETR3Nd2bFI
The Cranberries;Zombie;0.613;6Ejga4kJUts
The Cranberries;Linger;0.434;G6Kspj3OO0s
The Cranberries;Dreams;0.643;Yam5uK6e-bQ
The Cranberries;Ode To My Family;0.445;Zz-DJr1Qs54
The Cranberries;Zombie - Acoustic Version;0.427;gFd4RmrAq-Y
The Cranberries;Just My Imagination;0.807;SHoHIL2ABVQ
The Cranberries;Animal Instinct;0.823;ky4CdN0x58A
The Cranberries;When You're Gone;0.524;RUmdWdEgHgk
The Cranberries;Promises;0.858;hUFPooqKllA
Cream;White Room;0.58;VR90gQ-SIaY
Cream;Sunshine Of Your Love;0.481;zt51rITH3EA
Cream;I Feel Free;0.423;l1QihWLLKGY
Cream;Crossroads - Live;0.687;pX6J5-13c-0
Cream;Strange Brew;0.398;r0FFTd3bS_8
Cream;Tales Of Brave Ulysses;0.411;J2CCfxiQ5QY
Cream;Badge;0.555;gSpW6MePb10
Cream;SWLABR;0.507;ngIxuGOVGeQ
Cream;Stormy Monday - Live;0.621;r8S7Nn6si0E
Cream;World Of Pain;0.303;7tgqYWQKBnw
Creedence Clearwater Revival;Fortunate Son;0.663;ec0XKhAHR5I
Creedence Clearwater Revival;Have You Ever Seen The Rain;0.47;Gu2pVPWGYMQ
Creedence Clearwater Revival;Bad Moon Rising;0.774;5BmEGm-mraE
Creedence Clearwater Revival;Down On The Corner;0.544;clJb4zx0o1o
Creedence Clearwater Revival;Up Around The Bend;0.85;BnRsaHXHznQ
Creedence Clearwater Revival;Proud Mary;0.391;XfyEpmQM7bw
Creedence Clearwater Revival;Lookin' Out My Back Door;0.656;Aae_RHRptRg
Creedence Clearwater Revival;Who'll Stop The Rain;0.797;lIPan-rEQJA
Creedence Clearwater Revival;Green River;0.772;L5V9nK7-OkM
Creedence Clearwater Revival;Run Through The Jungle;0.612;EbI0cMyyw_M
Crowded House;Don't Dream It's Over;0.422;J9gKyRmic20
Crowded House;Weather With You;0.614;ag8XcMG1EX4
Crowded House;Better Be Home Soon;0.373;AQOlwMKpmvQ
Crowded House;Fall At Your Feet;0.371;2ROiU9kOHeE
Crowded House;It's Only Natural;0.528;duf-dofeoms
Crowded House;Distant Sun;0.718;Bkd5OQ8b0hQ
Crowded House;Something So Strong;0.673;WyBKzBtaKWM
Crowded House;Four Seasons In One Day;0.261;si3dBlNdifE
Crowded House;Mean To Me;0.76;E9bCl7upxG0
Crowded House;Into Temptation;0.37;j8U1gC2JilQ
Culture Club;Karma Chameleon - Remastered;0.73;-57Yd_abewQ
Culture Club;Do You Really Want To Hurt Me;0.376;2nXGPZaTKik
Culture Club;Love Is Love - Remastered 2003;0.497;_i0wRFjJjj4
Culture Club;Victims - Remastered 2002;0.393;hLazmT0di3s
Culture Club;Its A Miracle - Remastered 2012;0.733;IuFWiMRlEww
Culture Club;Miss Me Blind - Remastered 2003;0.816;ae-T2sXinnI
Culture Club;Time (Clock Of The Heart);0.633;8tI1_KlO6xI
Culture Club;I'll Tumble 4 Ya;0.759;kwb9-OlQimc
Culture Club;The War Song - Remastered 2003;0.76;qxZ713xyacY
Culture Club;Church Of The Poison Mind - Remastered 2002;0.902;8qM9DSCRqJ0
The Cure;Friday I'm in Love;0.762;mGgMZpGYiy8
The Cure;Boys Don't Cry - Single Version;0.841;9GkVhgIeGJQ
The Cure;Just Like Heaven;0.971;n3nPiBai66M
The Cure;Close to Me - Remastered;0.524;eqFLdssY4xc
The Cure;Lovesong;0.813;ks_qOI0lzho
The Cure;A Forest - Remastered Version;0.62;QqgIUq5SkQM
The Cure;In Between Days - Remastered;0.83;gCBPW3KxBuA
The Cure;Pictures of You;0.776;UmFFTkjs-O0
The Cure;The Lovecats;0.816;mcUza_wWCfA
The Cure;Lullaby;0.557;ijxk-fgcg7c
Cutting Crew;(I Just) Died In Your Arms;0.726;6dOwHzCHfgA
Cutting Crew;I've Been In Love Before - Edit;0.568;Ld-PpudeoL8
Cutting Crew;I've Been In Love Before;0.568;AEPnb9GdMts
Cutting Crew;Any Colour;0.942;bs-VfKacXx0
Cutting Crew;One For The Mockingbird;0.888;kayqZRFoHLM
Cutting Crew;Everything But My Pride - Radio Edit;0.454;_UHSAB7islY
Cutting Crew;Fear Of Falling;0.797;rQoCqkqaqi4
Cutting Crew;Sahara;0.483;KSqv4PAm6I8
Cutting Crew;The Scattering;0.742;CtHyY5PeWFs
Cutting Crew;Big Noise;0.838;6-H8byWAlIM
DAngelo;Lady;0.364;nmdUMwlrezs
DAngelo;Untitled (How Does It Feel);0.304;SxVNOnPyvIU
DAngelo;Feel Like Makin' Love;0.201;SMuMMhfHaNw
DAngelo;Brown Sugar;0.486;H_WzjiTzZBA
DAngelo;Sugah Daddy;0.547;MmC-aT0Xe9k
DAngelo;Unshaken;0.285;L0AykH20X3Q
DAngelo;Really Love;0.395;mVsQwJfWzoI
DAngelo;Cruisin';0.525;JAfuUZRou7g
DAngelo;Another Life;0.61;MTAnBM0ZdVI
DAngelo;Send It On;0.258;3cL4leeORpY
DMX;X Gon' Give It To Ya;0.899;vkOJ9uNj9EY
DMX;Party Up;0.931;thIVtEOtlWM
DMX;Ruff Ryders' Anthem;0.577;ThlhSnRk21E
DMX;Where The Hood At;0.946;6CqXgs-7ico
DMX;Ruff Ryders' Anthem - Re-Recorded;0.796;NXKKEWoIcpE
DMX;Go To Sleep;0.867;NskX9xoN1IE
DMX;What These Bitches Want;0.837;SSAmFxLJOgI
DMX;I Don't Dance;0.902;tkOJKhYWv1M
DMX;Moe Wings;0.9;GU2LP5up5EE
DMX;Who We Be;0.838;sB2_MmtMoIc
The Damned;Neat Neat Neat;0.864;RlAj3dLXY3U
The Damned;New Rose;0.969;ThcXEqxI_IQ
The Damned;Life Goes On;0.8;TaDbMZlN2Pg
The Damned;Alone Again Or;0.63;nYVDN27CrOo
The Damned;Smash It Up, Pt. 1 & 2;0.768;Ux1Za8Wmz_s
The Damned;Love Song;0.927;gc0och2Q_zg
The Damned;Black Is The Night;0.894;da7Bc_w4nhM
The Damned;Eloise;0.676;b31L4P7G5j8
The Damned;Melody Lee;0.941;1J11IpgVG2I
The Damned;Machine Gun Etiquette;0.939;dILOZXWoOP8
Daniel Hope;Recomposed By Max Richter: Vivaldi, The Four Seasons: Spring 1;0.343;WaCib0B8T24
Daniel Hope;Recomposed By Max Richter: Vivaldi, The Four Seasons: Spring 2;0.189;g3fOVDTg9pU
Daniel Hope;Recomposed By Max Richter: Vivaldi, The Four Seasons: Winter 1;0.616;dJnxPgT83rw
Daniel Hope;Recomposed By Max Richter: Vivaldi, The Four Seasons: Summer 1;0.524;c5gAgOYg4-o
Daniel Hope;Recomposed By Max Richter: Vivaldi, The Four Seasons: Summer 3;0.493;tU5i0biE1pQ
Daniel Hope;Recomposed By Max Richter: Vivaldi, The Four Seasons: Spring 3;0.302;6Ca3HR6wtdo
Daniel Hope;Recomposed By Max Richter: Vivaldi, The Four Seasons: Summer 2;0.202;KIvgU1NsKJE
Daniel Hope;Duet;0.157;RZoHzpJ4vK8
Daniel Hope;Avril 14th (Arr. By Christian Badzura);0.029;6V9DQhUDGLE
Daniel Hope;Recomposed By Max Richter: Vivaldi, The Four Seasons: Winter 3;0.266;jzaOBg7qjAk
No artist
Danny Wilson Gary Clark;Recomposed By Max Richter: Vivaldi, The Four Seasons: Spring 1;0.343;WaCib0B8T24
Danny Wilson Gary Clark;Recomposed By Max Richter: Vivaldi, The Four Seasons: Spring 2;0.189;8oYWfJuMGMA
Danny Wilson Gary Clark;Recomposed By Max Richter: Vivaldi, The Four Seasons: Winter 1;0.616;AcBy-tbc2_E
Danny Wilson Gary Clark;Recomposed By Max Richter: Vivaldi, The Four Seasons: Summer 1;0.524;c5gAgOYg4-o
Danny Wilson Gary Clark;Recomposed By Max Richter: Vivaldi, The Four Seasons: Summer 3;0.493;tU5i0biE1pQ
Danny Wilson Gary Clark;Recomposed By Max Richter: Vivaldi, The Four Seasons: Spring 3;0.302;6Ca3HR6wtdo
Danny Wilson Gary Clark;Recomposed By Max Richter: Vivaldi, The Four Seasons: Summer 2;0.202;KIvgU1NsKJE
Danny Wilson Gary Clark;Duet;0.157;_w6kHUtLI54
Danny Wilson Gary Clark;Avril 14th (Arr. By Christian Badzura);0.029;uHf5uGr2mmM
Danny Wilson Gary Clark;Recomposed By Max Richter: Vivaldi, The Four Seasons: Winter 3;0.266;jzaOBg7qjAk
David Bowie;Heroes - 2017 Remaster;0.758;Kyk7tOiGgZU
David Bowie;Rebel Rebel - 2016 Remaster;0.686;Wb3bfsuttdk
David Bowie;Space Oddity - 2015 Remaster;0.443;ACLkNNBwBAY
David Bowie;Starman - 2012 Remaster;0.45;AOkN6JO2q40
David Bowie;Life on Mars? - 2015 Remaster;0.384;AZKcl4-tcuo
David Bowie;Let's Dance - 2018 Remaster;0.743;gHlwJvPv9C0
David Bowie;Moonage Daydream - 2012 Remaster;0.601;RPUAldgS7Sg
David Bowie;Modern Love - 2018 Remaster;0.938;cHzVjGBxOJs
David Bowie;Changes - 2015 Remaster;0.308;BPPSu0vaNWA
David Bowie;Let's Dance - 2002 Remaster;0.641;KZqmVyItgpA
Dean Martin;Volare (Nel Blu Di Pinto Di Blu) - Remastered;0.144;pEln0zves5w
Dean Martin;Let It Snow! Let It Snow! Let It Snow!;0.24;mN7LW0Y00kE
Dean Martin;That's Amore;0.146;OnFlx2Lnr9Q
Dean Martin;Everybody Loves Somebody;0.391;z-2_OstpR5c
Dean Martin;Ain't That A Kick In The Head;0.253;Xb4P-MZMzJs
Dean Martin;Sway (Quien Sera);0.246;DXq-XdyGehk
Dean Martin;You're Nobody 'Til Somebody Loves You - Remastered/1997;0.182;LJwZcfREQiU
Dean Martin;Rudolph The Red-Nosed Reindeer;0.201;sPCvyJod0WM
Dean Martin;Memories Are Made Of This;0.162;KqVUwJvde44
Dean Martin;Silver Bells;0.259;lylWDAo9hFw
Debarge;Rhythm Of The Night;0.759;cAQSZhazYk8
Debarge;I Like It;0.735;VqaKisKIyUo
Debarge;Who's Holding Donna Now?;0.334;8bHQHWWe2E8
Debarge;Time Will Reveal;0.259;_988-cpiG94
Debarge;All This Love;0.683;YMyuP5S87_k
Debarge;Stay With Me;0.406;CinavBPMy-I
Debarge;All This Love - Single Version;0.583;Ge6gUVLUh2w
Debarge;Love Me In A Special Way;0.314;P6BVZxRw8Fs
Debarge;A Dream;0.424;ORgooDTrjSA
Debarge;Time Will Reveal - Long Version;0.474;76mvGGy-jD8
Deep Purple;Smoke on the Water;0.586;ikGyZh0VbPQ
Deep Purple;Highway Star;0.895;Wr9ie2J2690
Deep Purple;Perfect Strangers;0.721;gZ_kez7WVUU
Deep Purple;Hush;0.664;W1PNvopXjbg
Deep Purple;Burn - 2002 Remaster;0.938;jgbf03MJyS4
Deep Purple;Child in Time;0.461;PfAWReBmxEs
Deep Purple;Soldier of Fortune;0.274;06j9QR7XjLA
Deep Purple;When a Blind Man Cries - 2012 Remaster;0.271;ZLJ8XO7pBu4
Deep Purple;Black Night;0.787;QuAKMlfxX7I
Deep Purple;Lazy;0.66;dqM5L5JQseI
Def Leppard;Pour Some Sugar On Me - Remastered 2017;0.953;eiOIDqRKo0Y
Def Leppard;Hysteria;0.846;yMzyleT2FqY
Def Leppard;Photograph;0.877;D4dHr8evt6k
Def Leppard;Love Bites - Remastered 2017;0.743;im70eF8x14U
Def Leppard;Rock Of Ages;0.785;uXFxPN7Sqxo
Def Leppard;Animal;0.921;c6C0IzCO074
Def Leppard;When Love And Hate Collide;0.564;NE_i5W1_7oA
Def Leppard;Foolin';0.787;9SnxBvH-0Mc
Def Leppard;Bringin' On The Heartbreak;0.676;f_X5A-BYjO8
Def Leppard;Let's Get Rocked;0.888;VhM_LxeKgEQ
Demi Lovato;Sorry Not Sorry;0.64;-MsvER1dpjM
Demi Lovato;Solo (feat. Demi Lovato);0.622;8JnfIa84TnU
Demi Lovato;Stone Cold;0.472;WDAd0S92Uko
Demi Lovato;Sober;0.303;A-_9VonfUko
Demi Lovato;Échame La Culpa;0.897;TyHvyGVs42U
Demi Lovato;Confident;0.763;cwLRQn61oUY
Demi Lovato;Heart Attack;0.785;AByfaYcOm4A
Demi Lovato;Tell Me You Love Me;0.6;SM1w9PEQOE8
Demi Lovato;Cool for the Summer;0.614;il9nqWw9W3Y
Demi Lovato;Really Don't Care;0.728;OJGUbwVMBeA
Demis Roussos;Forever And Ever;0.638;CTUEHudMlVA
Demis Roussos;Goodbye My Love Goodbye;0.442;9UzAl9PqGDM
Demis Roussos;My Friend The Wind;0.799;JdNkTZitRmU
Demis Roussos;Morir al Lado de Mi Amor;0.51;OnUGxl4-wwM
Demis Roussos;Quand Je T'Aime;0.496;ZXWJNKkLOiM
Demis Roussos;We Shall Dance;0.631;1UL3C8SuI0E
Demis Roussos;I Dig You;0.709;8kx-lj02_z4
Demis Roussos;Velvet Mornings;0.636;SmT9PdGUQ3w
Demis Roussos;Come Waltz With Me;0.382;xLObvZWwjSw
Demis Roussos;On Ecrit Sur Les Murs;0.532;DvJtchDEr2o
Derek And The Dominos;Layla - 40th Anniversary Version / 2010 Remastered;0.918;TngViNw2pOo
Derek And The Dominos;Bell Bottom Blues - 40th Anniversary Version / 2010 Remastered;0.693;FclW0go4Cfc
Derek And The Dominos;Have You Ever Loved A Woman? - 40th Anniversary Version / 2010 Remastered;0.663;4iC-3MKYS_E
Derek And The Dominos;I Looked Away - 40th Anniversary Version / 2010 Remastered;0.486;iqA5FtpYL6w
Derek And The Dominos;Keep On Growing - Remixed Version;0.777;oiCHfYrx5fE
Derek And The Dominos;Nobody Knows You When You're Down And Out - 40th Anniversary Version / 2010 Remastered;0.512;EFTp5654pIw
Derek And The Dominos;Little Wing - 40th Anniversary Version / 2010 Remastered;0.836;fhb7Wq5-SgA
Derek And The Dominos;Why Does Love Got To Be So Sad? - 40th Anniversary Version / 2010 Remastered;0.96;9-nRTgCD4Tc
Derek And The Dominos;Keep On Growing - 40th Anniversary Version / 2010 Remastered;0.902;oiCHfYrx5fE
Derek And The Dominos;Key To The Highway - 40th Anniversary Version / 2010 Remastered;0.627;g_l53PVbKfs
Desmond Dekker;007 (Shanty Town);0.65;cFIqxnSo-gQ
Desmond Dekker;(Poor Mi) Israelites;0.583;83Y2hv-3UCM
Desmond Dekker;Fu Man Chu;0.324;AwsuOmY8W-0
Desmond Dekker;You Can Get It If You Really Want;0.578;1VGkmPF1CNo
Desmond Dekker;It Mek;0.582;y-V9Y752OYs
Desmond Dekker;Israelites;0.601;83Y2hv-3UCM
Desmond Dekker;Intensified '68;0.614;ClNAc2Ju41E
Desmond Dekker;Beautiful and Dangerous;0.344;9MuENkTc3_4
Desmond Dekker;First Time for a Long Time;0.449;MLYey19d-1s
Desmond Dekker;Unity;0.474;QOSZfrMSChI
Diana Krall;The Look Of Love;0.299;Yr8xDSPjII8
Diana Krall;Let's Fall In Love;0.16;rSRsg79itN4
Diana Krall;Night And Day;0.121;OaZdj1ZgiP4
Diana Krall;Alone Again (Naturally);0.208;v0XshfiDA0Y
Diana Krall;Just The Way You Are;0.348;d8RYUZT57XA
Diana Krall;L-O-V-E;0.204;o05-RA8Z0x8
Diana Krall;Squeeze Me;0.046;-Gy-xm7jAmE
Diana Krall;'S Wonderful;0.244;PQ9x01ytWMU
Diana Krall;Dream;0.095;WPv68w_1ldM
Diana Krall;Feels Like Home;0.139;AidwZxOUhMo
Diana Ross;Endless Love - From "The Endless Love" Soundtrack;0.332;ubrfaD9DIus
Diana Ross;I'm Coming Out;0.832;zbYcte4ZEgQ
Diana Ross;Upside Down;0.843;GIAtE6ywgwA
Diana Ross;Ain't No Mountain High Enough - Edit Version;0.767;5_pmKPWLBrE
Diana Ross;It's My House;0.672;QO93p3ZZ8Xw
Diana Ross;The Boss;0.902;NO0bwjkPdBk
Diana Ross;You Are Everything;0.525;UNTPbsV7B4M
Diana Ross;Chain Reaction;0.6;UaYHRx9-v2M
Diana Ross;Stop, Look, Listen (To Your Heart);0.383;zzg8Vm8rYrs
Diana Ross;When You Tell Me That You Love Me;0.435;MwSL-57pNqM
Diana Ross The Supremes;Someday We'll Be Together;0.538;HXGz8i0I2L0
Diana Ross The Supremes;I'm Gonna Make You Love Me;0.393;r28-9kh4bhA
Diana Ross The Supremes;Love Child;0.96;JdmGO-GvHyo
Diana Ross The Supremes;Reflections;0.45;nV72YrB1454
Diana Ross The Supremes;Ain't No Mountain High Enough;0.499;Cce72tWrn0E
Diana Ross The Supremes;You Can't Hurry Love - Alternate Vocal;0.74;MLb7U030SbQ
Diana Ross The Supremes;I Second That Emotion;0.432;6Il-AtNisIk
Diana Ross The Supremes;You Can't Hurry Love;0.767;1qOiNnK7AFg
Diana Ross The Supremes;In And Out Of Love;0.691;s1oW-c9SbEQ
Diana Ross The Supremes;He's My Sunny Boy;0.608;LXO5_FshDk8
Dierks Bentley;Living;0.813;Iv8Fu7GIutg
Dierks Bentley;Burning Man;0.807;2hp7Lotbmgs
Dierks Bentley;Drunk On A Plane;0.754;QrM39m22jH4
Dierks Bentley;Somewhere On A Beach;0.635;JgpmFp2DViA
Dierks Bentley;Woman, Amen;0.804;mXOTJ-tluUU
Dierks Bentley;What Was I Thinkin';0.825;fTqra4YSsaM
Dierks Bentley;Different For Girls;0.785;xXeL3CHdLYk
Dierks Bentley;Black;0.656;SPoJJ7D4knk
Dierks Bentley;5-1-5-0;0.849;Aa9Y0Hlrlbs
Dierks Bentley;I Hold On;0.723;zV40NzkqJrw
Dinah Washington;What A Diff'rence A Day Made;0.117;OmBxVfQTuvI
Dinah Washington;Mad About The Boy;0.147;8A03mO5j2Sk
Dinah Washington;Baby (You've Got What It Takes);0.596;TmrWC-_wabs
Dinah Washington;Cry Me A River;0.205;tx6MQ7tmgSc
Dinah Washington;Is You Is or Is You Ain't My Baby - 2002 Remaster;0.438;aDU6TYQwzGY
Dinah Washington;Teach Me Tonight;0.231;emkqc3PIw8E
Dinah Washington;A Rockin' Good Way (To Mess Around And Fall In Love);0.52;1xPQeWpPU9k
Dinah Washington;This Bitter Earth / On The Nature Of Daylight;0.302;BmEhO1OiEkY
Dinah Washington;September In The Rain;0.213;fk-jh3xocd0
Dinah Washington;Smoke Gets In Your Eyes;0.254;n0lyWfTOYyM
Dio;Holy Diver;0.901;EhGEGIBGLu8
Dio;Rainbow in the Dark;0.947;zcsE9ObDPxA
Dio;The Last in Line;0.895;360xvnsduDg
Dio;We Rock;0.968;kE__YoKNnho
Dio;Don't Talk to Strangers;0.798;15hYMIPQw84
Dio;Stand up and Shout;0.936;rjCBV6o_DSE
Dio;Push;0.904;g7nWwyC3AJI
Dio;Straight Through the Heart;0.947;4vDjoLOAA6k
Dio;Caught in the Middle;0.788;W-W1j2NKtgY
Dio;Dream Evil;0.917;WUqDezHZ7B0
Dire Straits;Sultans of Swing;0.868;0fAQhSRLQnM
Dire Straits;Walk of Life;0.936;kd9TlGDZGkI
Dire Straits;Money for Nothing;0.655;wTP2RUD_cL0
Dire Straits;Brothers in Arms;0.44;jhdFe3evXpk
Dire Straits;Romeo and Juliet;0.574;rC95MEenIxA
Dire Straits;Your Latest Trick;0.408;e7ZM4mjgrFw
Dire Straits;So Far Away;0.463;IHXK9glwFBg
Dire Straits;Lady Writer;0.798;CZSvgVz_0F0
Dire Straits;Tunnel of Love (Intro: The Carousel Waltz);0.686;EgFX2l9Ek7I
Dire Straits;Why Worry;0.132;_03uXQiz6eY
Disclosure;Talk;0.4;vW1a7CSDp7E
Disclosure;You & Me - Flume Remix;0.393;OUkkaqSNduU
Disclosure;Latch;0.735;93ASUImTedo
Disclosure;Omen - Radio Edit;0.781;hgLXGnfwvLs
Disclosure;Magnets;0.628;b_KfnGBtVeA
Disclosure;Where Angels Fear To Tread;0.735;4CCfYi1u8Y4
Disclosure;White Noise;0.878;bkk2H3Ztrfk
Disclosure;Talk - Disclosure VIP;0.867;zj_ry5774Vs
Disclosure;Help Me Lose My Mind;0.708;Fptml7Dgp4E
Disclosure;Omen;0.678;fB63ztKnGvo
Don Henley;The Boys Of Summer;0.559;QWT90HzLF3U
Don Henley;Dirty Laundry;0.779;YHimia_Fxzs
Don Henley;The End Of The Innocence;0.425;vVGbE2vWiK4
Don Henley;New York Minute;0.289;RfPxLvDrl4Q
Don Henley;The Heart Of The Matter;0.529;X1KRwLjpHL4
Don Henley;All She Wants To Do Is Dance;0.549;d5p7v7XKxTw
Don Henley;Leather and Lace - 2016 Remaster;0.432;ERpvwCrnTzg
Don Henley;Taking You Home;0.492;RUtLLXWC6fE
Don Henley;The Last Worthless Evening;0.505;2s-C-QaydrI
Don Henley;Sacrifice;0.584;Pn_mZ-CT70I
Donna Summer;Hot Stuff - 12" Version;0.892;tJxOXzE5A8w
Donna Summer;Hot Stuff;0.743;AqS4aNi0HQY
Donna Summer;I Feel Love - 12" Version;0.79;B2qI6UDD2uQ
Donna Summer;Last Dance - Single Version;0.721;vqZY8P42pLo
Donna Summer;Bad Girls;0.617;NF46NnUn5nw
Donna Summer;She Works Hard For The Money;0.639;Mwzxn-1eIJ0
Donna Summer;On The Radio;0.45;gPzMxB2uct0
Donna Summer;Hot Stuff - Single Version;0.697;-tYpGbrNAbc
Donna Summer;I Feel Love - Edit;0.907;Xz15UfsRs0I
The Doors;Riders on the Storm;0.722;iv8GW1GaoIc
The Doors;Roadhouse Blues;0.634;n2_X4VTCoEo
The Doors;Break on Through (To the Other Side);0.751;NFeUko-lQHg
The Doors;Light My Fire;0.725;cq8k-ZbsXDI
The Doors;People Are Strange;0.467;j0Mz_IqpZX8
The Doors;Touch Me;0.903;8lVqEchxIxw
The Doors;Love Her Madly;0.587;SLdvnQD_eio
The Doors;L.A. Woman;0.731;JskztPPSJwY
The Doors;Hello, I Love You;0.554;8f1z-nHvt3c
The Doors;Love Me Two Times;0.698;MsP6EKAzEjI
Dr Dre;Still D.R.E.;0.774;_CL6n0FJZpk
Dr Dre;The Next Episode;0.906;QZXc39hT8t4
Dr Dre;Forgot About Dre;0.731;QFcv5Ma8u8k
Dr Dre;I Need A Doctor;0.934;VA770wpLX-Q
Dr Dre;What's The Difference;0.825;NuKP3CeFDJA
Dr Dre;Xxplosive;0.882;QagknwNl6Q4
Dr Dre;Kush - Main;0.872;BuJDaOVz2qY
Dr Dre;Keep Their Heads Ringin';0.785;6env8BPEH-M
Dr Dre;Fuck You;0.567;bQVTyBPJbN4
Dr Dre;The Watcher;0.49;c8uVDRt2Os4
Drake;Money In The Grave (Drake ft. Rick Ross);0.502;_xaininqyEE
Drake;God's Plan;0.449;xpVfcZ0ZcFM
Drake;In My Feelings;0.626;DRS_PpOrUZ4
Drake;Behind Barz - Bonus;0.554;oEq5pdYOBu0
Drake;Nonstop;0.412;lJTRVX9R5EA
Drake;Nice For What;0.909;U9BwWKXjVaI
Drake;One Dance;0.61;iAbnEUA0wpA
Drake;Yes Indeed;0.346;AbEHRrq7xwU
Drake;Look Alive (feat. Drake);0.581;NV-3s2wwC8c
Drake;Passionfruit;0.459;COz9lDCFHjw
Duke Ellington;In A Sentimental Mood;0.305;sCQfTNOC5aE
Duke Ellington;My Little Brown Book;0.187;_J0ZpJMQjDo
Duke Ellington;Haupe;0.0187;ZuRl-E7cUug
Duke Ellington;Take the "A" Train;0.318;cb2w2m1JmCY
Duke Ellington;Jack the Bear;0.28;qKD-1YvFjkk
Duke Ellington;Take The Coltrane;0.631;YN_cAErPe0o
Duke Ellington;The Single Petal Of A Rose - The Queen's Suite;0.0271;QOA_BazyGPA
Duke Ellington;Azalea;0.113;xLt18wjcfkI
Duke Ellington;Jeep's Blues;0.173;ecfNnzjmboI
Duke Ellington;Mood Indigo - 1990 Remaster;0.0955;aN6usjgA61M
Dusty Springfield   ;Son of a Preacher Man;0.498;DjydOI4MEIw
Dusty Springfield   ;Spooky (Single Version);0.47;f7QzxYAjgNc
Dusty Springfield   ;I Only Want To Be With You;0.684;CL7t22rypew
Dusty Springfield   ;Take Another Little Piece Of My Heart;0.748;CIaPiw4p234
Dusty Springfield   ;You Don't Have To Say You Love Me;0.517;mn0j3wUT0vs
Dusty Springfield   ;The Look Of Love;0.298;Tf1d65OHYXo
Dusty Springfield   ;In Private;0.697;k1z5DZEse3I
Dusty Springfield   ;Wishin' And Hopin';0.374;gAdTsAKvVTU
Dusty Springfield   ;If You Go Away;0.24;wyCVxPEPx5Y
Dusty Springfield   ;The Windmills of Your Mind;0.276;sTpz2KSFzWs
EELS;I Need Some Sleep;0.307;2hP-GMsBF9w
EELS;That Look You Give That Guy;0.517;NQwsiIlIfH8
EELS;Novocaine For The Soul;0.725;V2yy141q8HQ
EELS;My Beloved Monster;0.278;sML9NFeFAwU
EELS;Mr. E's Beautiful Blues;0.682;Q48BsNaz_YM
EELS;Fresh Feeling;0.727;O_m-5ij0WZ8
EELS;I Like Birds;0.677;JwJr9Rniofc
EELS;The Deconstruction;0.537;59Au8TUVakg
EELS;Susan's House;0.45;lC3MH-U6yDk
EELS;Last Stop: This Town;0.734;0TfqbuTBqX8
EPMD;Da Joint;0.598;pEbGLE5EVP0
EPMD;You Gots To Chill;0.814;APMJNyaDC78
EPMD;Symphony 2000;0.792;xp09snLms5E
EPMD;Strictly Business;0.895;WE2vEtsc2io
EPMD;So Wat Cha Sayin';0.701;6Wwh8WHnBWE
EPMD;For The People;0.793;w2lmwvV8xmE
EPMD;Headbanger;0.892;Um1S-C0zUQo
EPMD;Let The Funk Flow;0.912;NgwjTns3Nuo
EPMD;I'm Housin';0.879;_eLDzovFa70
EPMD;It's My Thing;0.709;ULHi3GeLiC4
Eagles;Hotel California - 2013 Remaster;0.508;EqPtz5qN7HM
Eagles;Take It Easy - 2013 Remaster;0.67;Ci2p97p5NVg
Eagles;Life in the Fast Lane - 2013 Remaster;0.755;4tcXblWojdM
Eagles;Hotel California - Live at The Forum, Los Angeles, CA, 10/20-22/1976;0.665;GjlvB1sJ6yk
Eagles;One of These Nights - 2013 Remaster;0.606;ESc2Tq2HzhQ
Eagles;Desperado (2013 Remaster);0.224;3-bwXhts8Zg
Eagles;Lyin' Eyes - 2013 Remaster;0.673;0q7kAVk66m4
Eagles;Peaceful Easy Feeling - Eagles 2013 Remaster;0.634;VLmmFq4vrLY
Eagles;New Kid in Town - 2013 Remaster;0.425;-Pa5nqYXEnY
Eagles;Take It to the Limit - 2013 Remaster;0.423;bhowXKEjjZ8
Eagles Of Death Metal;Miss Alissa;0.991;_Yr1-BBMaMA
Eagles Of Death Metal;Wannabe In L.A;0.95;TtIusq_qZ3Q
